-- phpMyAdmin SQL Dump
-- version 4.9.0.1
-- https://www.phpmyadmin.net/
--
-- Gép: 127.0.0.1
-- Létrehozás ideje: 2024. Jan 10. 21:34
-- Kiszolgáló verziója: 10.4.6-MariaDB
-- PHP verzió: 7.3.8

SET SQL_MODE = "NO_AUTO_VALUE_ON_ZERO";
SET AUTOCOMMIT = 0;
START TRANSACTION;
SET time_zone = "+00:00";


/*!40101 SET @OLD_CHARACTER_SET_CLIENT=@@CHARACTER_SET_CLIENT */;
/*!40101 SET @OLD_CHARACTER_SET_RESULTS=@@CHARACTER_SET_RESULTS */;
/*!40101 SET @OLD_COLLATION_CONNECTION=@@COLLATION_CONNECTION */;
/*!40101 SET NAMES utf8mb4 */;

--
-- Adatbázis: `iskola`
--

DELIMITER $$
--
-- Függvények
--
CREATE DEFINER=`root`@`localhost` FUNCTION `BASE64_ENCODE` (`textIn` LONGBLOB) RETURNS LONGTEXT CHARSET utf8mb4 NO SQL
BEGIN
/*
	Convert blob to base64 text, remove start, end spaces,
	newline, carriage return, and tab characters from text 
*/
DECLARE textOut LONGTEXT CHARSET utf8mb4 DEFAULT '';
IF (textIn IS NOT NULL) THEN
	SET textOut = TO_BASE64(textIn);
    SET textOut = TRIM(textOut);
    IF (LENGTH(textOut) > 0) THEN
    	SET textOut = REPLACE(textOut,"\n","");
    	SET textOut = REPLACE(textOut,"\r","");
    	SET textOut = REPLACE(textOut,"\t","");
    END IF;
END IF;
RETURN textOut;
END$$

DELIMITER ;

-- --------------------------------------------------------

--
-- Tábla szerkezet ehhez a táblához `courses`
--

CREATE TABLE `courses` (
  `course_id` int(11) NOT NULL,
  `course_name` varchar(100) NOT NULL,
  `description` varchar(6000) NOT NULL
) ENGINE=InnoDB DEFAULT CHARSET=utf8mb4;

--
-- A tábla adatainak kiíratása `courses`
--

INSERT INTO `courses` (`course_id`, `course_name`, `description`) VALUES
(1, 'courses1', 'courses1_description'),
(2, 'courses2', 'courses2_description'),
(3, 'courses3', 'courses3_description'),
(4, 'courses4', 'courses4_description'),
(5, 'courses5', 'courses5_description'),
(6, 'courses6', 'courses6_description');

-- --------------------------------------------------------

--
-- Tábla szerkezet ehhez a táblához `courses_data`
--

CREATE TABLE `courses_data` (
  `id` int(11) NOT NULL,
  `course_id` int(11) NOT NULL,
  `beg` date NOT NULL
) ENGINE=InnoDB DEFAULT CHARSET=utf8mb4;

--
-- A tábla adatainak kiíratása `courses_data`
--

INSERT INTO `courses_data` (`id`, `course_id`, `beg`) VALUES
(1, 1, '2024-02-05'),
(2, 1, '2024-09-02'),
(3, 1, '2025-02-03'),
(4, 2, '2024-02-05'),
(5, 2, '2024-09-02'),
(6, 2, '2025-02-03'),
(7, 3, '2024-02-05'),
(8, 3, '2024-09-02'),
(9, 3, '2025-02-03'),
(10, 4, '2024-02-05'),
(11, 4, '2024-09-02'),
(12, 4, '2025-02-03'),
(13, 5, '2024-02-05'),
(14, 5, '2024-09-02'),
(15, 5, '2025-02-03'),
(16, 6, '2024-02-05'),
(17, 6, '2024-09-02'),
(18, 6, '2025-02-03');

-- --------------------------------------------------------

--
-- Tábla szerkezet ehhez a táblához `courses_subjects`
--

CREATE TABLE `courses_subjects` (
  `id` int(11) NOT NULL,
  `course_id` int(11) NOT NULL,
  `subject_id` int(11) NOT NULL
) ENGINE=InnoDB DEFAULT CHARSET=utf8mb4;

--
-- A tábla adatainak kiíratása `courses_subjects`
--

INSERT INTO `courses_subjects` (`id`, `course_id`, `subject_id`) VALUES
(1, 1, 1),
(2, 1, 2),
(3, 1, 3),
(4, 1, 4),
(5, 1, 5),
(6, 2, 6),
(7, 2, 7),
(8, 2, 8),
(9, 2, 9),
(10, 2, 10),
(11, 3, 11),
(12, 3, 12),
(13, 3, 13),
(14, 3, 14),
(15, 3, 15),
(16, 4, 16),
(17, 4, 17),
(18, 4, 18),
(19, 4, 19),
(20, 4, 20),
(21, 5, 21),
(22, 5, 22),
(23, 5, 23),
(24, 5, 24),
(25, 5, 25),
(26, 6, 26),
(27, 6, 27),
(28, 6, 28),
(29, 6, 29),
(30, 6, 30);

-- --------------------------------------------------------

--
-- Tábla szerkezet ehhez a táblához `students`
--

CREATE TABLE `students` (
  `id` int(11) NOT NULL,
  `course_id` int(11) NOT NULL,
  `beg` date NOT NULL,
  `user_id` int(11) NOT NULL
) ENGINE=InnoDB DEFAULT CHARSET=utf8mb4;

-- --------------------------------------------------------

--
-- Tábla szerkezet ehhez a táblához `subjects`
--

CREATE TABLE `subjects` (
  `subject_id` int(11) NOT NULL,
  `subject_name` varchar(100) NOT NULL,
  `description` varchar(200) NOT NULL,
  `teacher_id` int(11) NOT NULL
) ENGINE=InnoDB DEFAULT CHARSET=utf8mb4;

--
-- A tábla adatainak kiíratása `subjects`
--

INSERT INTO `subjects` (`subject_id`, `subject_name`, `description`, `teacher_id`) VALUES
(1, 'subjects1', 'subjects1_description', 1),
(2, 'subjects2', 'subjects2_description', 2),
(3, 'subjects3', 'subjects3_description', 1),
(4, 'subjects4', 'subjects4_description', 1),
(5, 'subjects5', 'subjects5_description', 6),
(6, 'subjects6', 'subjects6_description', 7),
(7, 'subjects7', 'subjects7_description', 4),
(8, 'subjects8', 'subjects8_description', 4),
(9, 'subjects9', 'subjects9_description', 7),
(10, 'subjects10', 'subjects10_description', 7),
(11, 'subjects11', 'subjects11_description', 2),
(12, 'subjects12', 'subjects12_description', 2),
(13, 'subjects13', 'subjects13_description', 2),
(14, 'subjects14', 'subjects14_description', 9),
(15, 'subjects15', 'subjects15_description', 9),
(16, 'subjects16', 'subjects16_description', 3),
(17, 'subjects17', 'subjects17_description', 3),
(18, 'subjects18', 'subjects18_description', 3),
(19, 'subjects19', 'subjects19_description', 3),
(20, 'subjects20', 'subjects20_description', 11),
(21, 'subjects21', 'subjects21_description', 5),
(22, 'subjects22', 'subjects22_description', 5),
(23, 'subjects23', 'subjects23_description', 5),
(24, 'subjects24', 'subjects24_description', 5),
(25, 'subjects25', 'subjects25_description', 6),
(26, 'subjects26', 'subjects26_description', 8),
(27, 'subjects27', 'subjects27_description', 8),
(28, 'subjects28', 'subjects28_description', 8),
(29, 'subjects29', 'subjects29_description', 10),
(30, 'subjects30', 'subjects30_description', 10);

-- --------------------------------------------------------

--
-- Tábla szerkezet ehhez a táblához `teacher`
--

CREATE TABLE `teacher` (
  `teacher_id` int(11) NOT NULL,
  `first_name` varchar(50) NOT NULL,
  `surname` varchar(50) NOT NULL,
  `email` varchar(100) NOT NULL,
  `phone` varchar(20) NOT NULL,
  `img` varchar(20) NOT NULL,
  `content` varchar(6000) NOT NULL
) ENGINE=InnoDB DEFAULT CHARSET=utf8mb4;

--
-- A tábla adatainak kiíratása `teacher`
--

INSERT INTO `teacher` (`teacher_id`, `first_name`, `surname`, `email`, `phone`, `img`, `content`) VALUES
(1, 'Attila', 'Pataki', 'pataki.attila@jakabhunor.hu', '+36(30)481-68-88', '1.jpg', 'teachers1_content'),
(2, 'Adél', 'Dudás', 'dudas.adel@jakabhunor.hu', '+36(30)811-60-91', '2.jpg', 'teachers2_content'),
(3, 'Albert', 'Horváth', 'horvath.albert@jakabhunor.hu', '+36(70)054-52-97', '3.jpg', 'teachers3_content'),
(4, 'Attila', 'Borbély', 'borbely.attila@jakabhunor.hu', '+36(70)683-78-22', '4.jpg', 'teachers4_content'),
(5, 'Gábor', 'Varga', 'varga.gabor@jakabhunor.hu', '+36(20)744-46-55', '5.jpg', 'teachers5_content'),
(6, 'Zsolt', 'Dr. Molnár', 'drmolnar.zsolt@jakabhunor.hu', '+36(20)332-95-18', '6.jpg', 'teachers6_content'),
(7, 'László', 'Nagy', 'nagy.laszlo@jakabhunor.hu', '+36(30)122-51-52', '7.jpg', 'teachers7_content'),
(8, 'Andrea', 'Kovács', 'kovacs.andrea@jakabhunor.hu', '+36(70)927-15-22', '8.jpg', 'teachers8_content'),
(9, 'Gábor', 'Dr. Barta', 'drbartagabor@jakabhunor.hu', '+36(20)586-14-56', '9.jpg', 'teachers9_content'),
(10, 'Éva ', 'Mészáros', 'meszaros.eva@jakabhunor.hu', '+36(70)757-50-94', '10.jpg', 'teachers10_content'),
(11, 'Péter', 'Szabó', 'szabo.peter@jakabhunor.hu', '+36(30)482-04-72', '11.jpg', 'teachers11_content');

-- --------------------------------------------------------

--
-- Tábla szerkezet ehhez a táblához `user`
--

CREATE TABLE `user` (
  `id` int(10) UNSIGNED NOT NULL,
  `type` char(1) NOT NULL DEFAULT 'U',
  `prefix_name` varchar(20) DEFAULT NULL,
  `first_name` varchar(50) NOT NULL,
  `middle_name` varchar(50) DEFAULT 'NULL',
  `last_name` varchar(50) NOT NULL,
  `suffix_name` varchar(20) DEFAULT NULL,
  `nick_name` varchar(50) DEFAULT NULL,
  `born` date NOT NULL,
  `gender` char(1) NOT NULL,
  `img` blob DEFAULT 'NULL',
  `img_type` varchar(100) DEFAULT '''NULL''',
  `country` varchar(50) NOT NULL,
  `country_code` varchar(10) NOT NULL,
  `phone` varchar(20) NOT NULL,
  `city` varchar(50) NOT NULL,
  `postcode` varchar(20) NOT NULL,
  `address` text NOT NULL,
  `email` varchar(50) NOT NULL,
  `password` varchar(255) NOT NULL,
  `created` timestamp NOT NULL DEFAULT current_timestamp(),
  `modified` datetime DEFAULT NULL,
  `last_login` datetime NOT NULL,
  `wrong_attempts` tinyint(1) UNSIGNED NOT NULL DEFAULT 0,
  `valid` tinyint(1) UNSIGNED NOT NULL DEFAULT 1,
  `verification_code` varchar(32) NOT NULL
) ENGINE=InnoDB DEFAULT CHARSET=utf8mb4;

--
-- A tábla adatainak kiíratása `user`
--

INSERT INTO `user` (`id`, `type`, `prefix_name`, `first_name`, `middle_name`, `last_name`, `suffix_name`, `nick_name`, `born`, `gender`, `img`, `img_type`, `country`, `country_code`, `phone`, `city`, `postcode`, `address`, `email`, `password`, `created`, `modified`, `last_login`, `wrong_attempts`, `valid`, `verification_code`) VALUES
(1, 'A', NULL, 'Attila', NULL, 'Ódry', NULL, '', '1964-03-08', 'M', 0xffd8ffe000104a46494600010101004800480000ffed002c50686f746f73686f7020332e30003842494d040400000000000f1c0250000a50696361736120332e3000ffe1339245786966000049492a00080000000b000f0102000a0000009200000010010200080000009c0000001201030001000000010000001a01050001000000a40000001b01050001000000ac000000280103000100000002000000310102000b000000b40000003201020014000000c00000001302030001000000020000006987040001000000a4010000a5c40700d0000000d40000004a1a000050616e61736f6e696300444d432d465a35004800000001000000480000000100000050696361736120332e300000323030353a30373a30332031363a34343a3138005072696e74494d003032353000000e000100160016000200000000000300640000000700000000000800000000000900000000000a00000000000b00ac0000000c00000000000d00000000000e00c400000000010500000001010100000010018000000009110000102700000b0f0000102700009705000010270000b008000010270000011c0000102700005e020000102700008b00000010270000cb03000010270000e51b00001027000000000000000000000000000000000000000000000000000000000000000000000000000023009a820500010000004e0300009d820500010000005603000022880300010000000200000027880300010000005000000000900700040000003032323003900200140000005e03000004900200140000007203000001910700040000000102030002910500010000008603000004920a00010000008e0300000592050001000000960300000792030001000000050000000892030001000000090000000992030001000000100000000a920500010000009e0300007c9207005c160000a603000000a00700040000003031303001a0030001000000ffff000002a00400010000004006000003a0040001000000b004000005a00400010000002c1a000017a20300010000000200000000a30700010000000300000001a30700010000000100000001a40300010000000000000002a40300010000000000000003a40300010000000100000004a4050001000000021a000005a4030001000000be00000006a40300010000000000000007a40300010000000000000008a40300010000000000000009a4030001000000020000000aa40300010000000200000020a40200210000000a1a0000000000000a000000e8030000210000000a000000323030353a30373a30332031363a34343a313800323030353a30373a30332031363a34343a313800040000000100000000000000640000001e0000000a0000003c0100000a00000050616e61736f6e69630000001b000100030001000000020000000200070004000000000100050300030001000000020000000700030001000000050000000f00010002000000101000001a00030001000000040000001c00030001000000020000001f000300010000000600000020000300010000000200000021000700fa140000ea0400002200030001000000000000002300030001000000000000002400030001000000000000002500070010000000e419000026000700040000003031303027000300010000000000000028000300010000000100000029000400010000003fef00002a00030001000000000000002b00040001000000000000002c00030001000000000000002d00030001000000000000002e00030001000000010000002f00030001000000010000003000030001000000010000003100030001000000020000003200030001000000020000004456010245500000f03f4442b003f03f41469200604720a06247100164471000664700004e47240072470400744700007a47edff7c4700007e4700004047c705424736284c47520a5c47920176474000784700005247d80056473c005447c8006c472c01704732006e47960058475e009e47dc009c47bc028c4700008e4701008a4736289047010092470000944700009647000098474e199a474e19de463811f03f53544600a4460000a6460000a8460000aa460000ac460000ae460000b0460000b6460000b8460000ba460000f4470000f6470000b2460000b4460000b0440000b2440000f03f4145de003c45740014453601ea463601ec462b012845ab002c45c6002445680510454f05124589052045d101364533022245d0013a4501003b4501002645d5002a450b00c0460000c2460000c8597003c659c6012e4500003045000032450000404500004145000042450000ce590000d0590000d2590000434500003e4500001c45440044453300224a4101c0590000c1591100e8466835cc460000d4460008ce460000d0460000d646000050580000da460000c55900004a4501024c4500004e450000ef460100d4591700d6598d5bd8598a2fda59d815dc590002f03f57420e010044a30102448e015c44110104440c010644d50060444f051a44ffff5e4400005f4400001244ffff1444ffff1644ffff1844ffffcc440301ce440102d0446e01d2445201dc44bc01de444001b4440000b64400003044730038449600324478003a448c003444f0ff3c44180036442a003e4470004c44ffff4e44ffffc044ffffc244ffffea440000804535008245770083456500844500008645000087450000884500008a4500008b4500008c4504008e458c008f4570009045000092450000934500005244bd005444b2005644bd005844b200d4449600d6449900d8447a00da446d00d45d00000058c8000258c1020458450006580f003658c0003858e1023a5844003c580b00f03f5943be00a0450501a2453c50a445000aa6458296a84505fbaa45e319ac45da26ae4505fbb0450000b2450e0eb445ebebb6450500b8453c50ba45000abc458296be45817fc0450019c245e719c445817fc6450000c845000eca45f2f2cc4564006045030062450100644504006645070068450f006a450f006c450c006e450c0070450c0072450c0074450c0076451400784514007a4514007c451400d0450000d2450800d4450800d6450800f0450303f2450303f4450300ce450000f03f434d0a00fc4505f0f03f49531e00944649039646b1039846e5039a46c60360461a026246f001000000000000000000000000000000000000000000000000000000000000000000000000000000000000000000000000000000000000000000000000000000000000000000000000000000000000000000000000000000000000000000000000000000000000000000000000000000000000000000000000000000000000000000000000000000000000000000000000000000000000000000000000000000000000000000000000000000004145424dc000b500ae00b100d700b0005001b2022f021c077d06cb00cb00cf00c200cc00da00c90044019e02f001ad01c202d000d800e1000201e800d700cf007101bd02b101c301fa05c100e200f700e900f400e600ca00e701570264012a01ae04d000eb00f60032010501cf00b2006502bd02ea015201bc05b700f700f40015014301e700b30095016e02780122014f03c7000001fc0017014e010901c3004f015402ca0125013f028e01150117011f01f7000c01c40040031a029001f6021d0b2c0b21010f0143011e0162021c039c03210291019b048d07f60719011e012e029d019a04ef033f037a02d401d204cb073b051501da01dd016201a2033e036102d70156026f075a07c7041901a001be017d01e1013d02c701d60127055309c908c30450525354000000000000000000000000000000000000000000000000000000000000000000000000000000000000000000000000000000000000000000000000000000000000000000000000000000000000000000000000000000000000000000000000000000000000000000000000000000000000000000000000000000000000000000000000000000000000000000000000000000000000000000000000000000000000000000000000000000000000000000000000000000000000000000000000000000000000000000000000000000000000000000000000000000000000000000000000000000000000000000000000000000000000000000000000000000000000000000000000000000000000000000000000000000000000000000000000000000000000000000000000000000000000000000000000000000000000000000000000000000000000000000000000000000000000000000000000000000000000000000000000000000000000000000000000000000000000000000000000000000000000000000000000000000000000000000000000000000000000000000000000000000000000000000000000000000000000000000000000000000000000000000000000000000000000000000000000000000000000000000000000000000000000000000000000000000000000000000000000000000000000000000000000000000000000000000000000000000000000000000000000000000000000000000000000000000000000000000000000000000000000000000000000000000000000000000000000000000000000000000000000000000000000000000000000000000000000000000000000000000000000000000000000000000000000000000000000000000000000000000000000000000000000000000000000000000000000000000000000000000000000000000000000000000004643435608000100362836283b2800000000000000000000000000000000e029e2240000000000000000000000000000000000000000000000000000c0293301ce022c0007003800280022002c002600c504c80a3d0003001c00180018001f001d00d002290b030000000000000000000000000080293701e3022c0007003800280022002c0026004705d40b3d0003001c00180018001f001d00eb02740b03000000000000000000000000004029410154032c0007003800280022002c0026003006530e3d0003001c00180018001f001d00db021a0c030000000000000000000000000000297b0132042c0007003800280022002c0026008e0746113d0003001c00180018001f001d009702ad0c0300000000000000000000000000c028190294052c0007003800280022002c002600630960153d0003001c00180018001f001d008502530d030000000000000000000000000080287403480a2c0007003800280022002c002600f60b881b3d0003001c00180018001f001d00c5028d0d03000000000000000000000000004028c705690e2c0007003800280022002c002600dc0d3c1f3d0003001c00180018001f001d00ce02f50d030000000000000000000000000000281e058e0c2c0007003800280022002c002600330db51d3d0003001c00180018001f001d00c602570d0300000000000000000000000000cf20080119012e0003003c00210022002f0028009f0153021b0002002400170018001c001d000e028a0450000000000000000000000000004a253401ab02030004002f001f0020002b002800fd03a808010002001c00160017001c001c008e015507000000000000000000000000000000000000000000000000000000000000000000000000000000000000000000000000000000000000000000000000000000000000000000000000000000000000000000000000000000000000000000000000000000000000000000000000000000000000000000000000000000000000000000000000000000000000000000000000000000000000000000000000000000000000000000000000000000000000000000000000000000000000000000000000000000000000000000000000000000000000000000000000000000000000000000000000000000000000000000000000000000000000000000000000000000000000000000000000000000000000000000000000000000000000000000000000000000000000000000000000000000000000000000000000000000000000000000000000000000000000000000000000000000000000000000000000000000000000000000000000000000000000000000000000000000000000000000000000000000000000000000000000000000000000000000000000000000000000000000000000000000000000000000000000000000000000000000000000000000000000000000000000000000000000000000000000000000000000000000000000000000000000000000000000000000000000000000000000000000000000000000000000000000000000000000000000000000000000000000000000000000000000000000000000000000000000000000000000000000000000000000000000000000000000000000000000000000000000000000000000000000000000000000000000000000000000000000000000000000000000000000000000000000000000000000000000000000000000000000000000000000000000000000000000000000000000000000000000000000000000000000000000000000000000000000000000000000000000000000000000000000000000000000000000000000000000000000000000000000000000000000000000000000000000000000000000000000000000000000000000000000000000000000000000000000000000000000000000000000000000000000000000000000000000000000000000000000000000000000000000000000000000000000000000000000000000000000000000000000000000000000000000000000000000000000000000000000000000000000000000000000000000000000000000000000000000000000000000000000000000000000000000000000000000000000000000000000000000000000000000000000000000000000000000000000000000000000000000000000000000000000000000000000000000000000000000000000000000000000000000000000000000000000000000000000000000000000000000000000000000000000000000000000000000000000000000000000000000000000000000000000000000000000000000000000000000000000000000000000000000000000000000000000000000000000000000000000000000000000000000000000000000000000000000000000000000000000000000000000000000000000000000000000000000000000000000000000000000000000000000000000000000000000000000000000000000000000000000000000000000000000000000000000000000000000000000000000000000000000000000000000000000000000000000000000000000000000000000000000000000000000000000000000000000000000000000000000000000000000000000000000000000000000000000000000000000000000000000000000000000000000000000000000000000000000000000000000000000000000000000000000000000000000000000000000000000000000000000000000000000000000000000000000000000000000000000000000000000000000000000000000000000000000000000000000000000000000000000000000000000000000000000000000000000000000000000000000000000000000000000000000000000000000000000000000000000000000000000000000000000000000000000000000000000000000000000000000000000000000000000000000000000000000000000000000000000000000000000000000000000000000000000000000000000000000000000000000000000000000000000000000000000000000000000000000000000000000000000000000000000000000000000000000000000000000000000000000000000000000000000000000000000000000000000000000000000000000000000000000000000000000000000000000000000000000000000000000000000000000000000000000000000000000000000000000000000000000000000000000000000000000000000000000000000000000000000000000000000000000000000000000000000000000000000000000000000000000000000000000000000000000000000000000000000000000000000000000000000000000000000000000000000000000000000000000000000000000000000000000000000000000000000000000000000000000000000000000000000000000000000000000000000000000000000000000000000000000000000000000000000000000000000000000000000000000000000000000000000000000000000000000000000000000000000000000000000000000000000000000000000000000000000000000000000000000000000000000000000000000000000000000000000000000000000000000000000000000000000000000000000000000000000000000000000000000000000000000000000000000000000000000000000000000000000000000000000000000000000000000000000000000000000000000000000000000000000000000000000000000000000000000000000000000000000000000000000000000000000000000000000000000000000000000000000000000000000000000000000000000000000000000000000000000000000000000000000000000000000000000000000000000005742435a0008080800000009090e0000080800000000030a030e0a00080808080000030a0a0a0300080808080000040a0a0a04000808080800000a0a0a0a0a000808080800070a0a0a0a0a00080808080000040a0a0c0a00080808080000040a0a04040d0808080808000a0a0a0a040a080808080400000a000a0004080807080a00000000040a0008030a030300000004000404290000206c0300004b010000000020200040061007000100000000003086035400001100036100008c860354000000002900002000010000000000000000000000806f0e0400000001110105000000008c86035400000000170a00008007000000003000000000500050061011000300000a0000800700000100000001030000004806100700060005700000ec670254000000000700060005700000086802540000000007000600057000002468025400000000000000206c0300004b01000000000000000000009d01000166010f00000000306c0300004b01000000000000000000009d01000166010000000000206c0353303130353033313530323839000000000000000a0000003565623137393132303932353062636236633933623262663131323562353565000002000100020004000000523938000200070004000000303130300000000006000301030001000000060000001a01050001000000981a00001b01050001000000a01a00002801030001000000020000000102040001000000a81a00000202040001000000e21800000000000048000000010000004800000001000000ffd8ffe000104a46494600010100000100010000ffdb0043000503040404030504040405050506070c08070707070f0b0b090c110f1212110f111113161c1713141a1511111821181a1d1d1f1f1f13172224221e241c1e1f1effdb0043010505050706070e08080e1e1411141e1e1e1e1e1e1e1e1e1e1e1e1e1e1e1e1e1e1e1e1e1e1e1e1e1e1e1e1e1e1e1e1e1e1e1e1e1e1e1e1e1e1e1e1e1e1e1e1e1effc0001108007800a003012200021101031101ffc4001d000001040301010000000000000000000005030406070002080109ffc4003e10000201020404040502040307050000000102030411000512210631415107132261143271819123a10833d1f01542b1162434526272c1436392e1f1ffc4001c0100020301010101000000000000000000030402050607010008ffc40034110001040005010506040700000000000001000203110405122131411322517181066191a1b1f0142332d133427292c1e1f1ffda000c03010002110311003f00e55659a3568f50b13b91c8e14f33d2baae40dedd30f529c3380aa86c2e751b0c792c0d315d0a0ef6361cb14e2516aa859175b235c15c4143916649535d92d2e6719df44ac547d2e3a610ce736a3ce6bf30afab87e1ab25756a786963021551b58f5d87e4e04d647140cb1a58ba0f51bec4e18d5b3b29b103511c86f8f7f89d532d319669722152f1cd5d2bd3402088db4c7af515dbbe3754d10c8b246a5480564bdb49bf6eb8634922c710f57a8f53be08c5e4c950158dc3b02aa4ec3133a47a25a48cdd84eb22693e25c024ab2d8b0236fb75c29994c1018cfa945accd63ffe60966df15539acd549434348de5a422386301235516dadccf527ae0356fc2d217d644c4f3df6c57922493557a24a567e6d729bd554452b5c2b1636f574c373a678958ca612bbb5d7ae3d924a23483e1d5b5c86c431d9477c0e9e36f8901a4602c36bdf0dc6c1e4998a3f44f25ab0a9feeea1afb5dd2f6f7c2746ab22bbcd22c8c3d4bb5bd5f418da430c71f97336b2db2846dfdf164f831e12e71e20d621a15f81c9d5cad4d74a2fa76df4f2d4dec3975c4b60280e51e38750d2c1eaab2a6920aea811c94e7ccb808035f5609e5fc119e57d73c34592e68d344e4346d4cda948e608b73c768659e1ff00851c1f4b4f96d164396e695310b3d5d5c62491f45f5338623d21adf2db9fdf04384bc49c833be2baec8e95cc5223eaa75f48522c2e2fcadf7c15ddcfd255bc597802ecae25cf386b37ca66739965b5749a0597cd88a9bff7d70e32686a05220acd5129516246e7b5bbe3e92f0ecb356c72d1e6597d3228ba86401d1876606fcf153f8cbe046479af0ed7e61c2b973536730bf9894f0bfa25ee349ebdb9605361dce8fbbba4f11810e6e9695c5b992c70cac108908b1d371e8f73fd302a3a80c8646bf3f4e9172c7b9ec304f8932bcc72ecc2ab2eaaa59296a62629345302af19eb75ef81d4b1ac36d205a316008daf6e646031801bbf29030f663bcbd3a5a63a535b2f24b1d24fbdb98df0957ced27a4c4a897b12ab607dbdf0ba991a32d2cc162243311cedef86ccd1493a49fcd8efa40b5b4fbe08de7c945837f24e86a55b2ee70a13345676d2ba97936ff007f6c6c8bb90e74db1acdaa66bbb1636037fdb02bdd4048426acb772ccd738d25816e345f0f52167f4daff6c7b2c52472796632ac07238987ef414b593ba1c29d1234d4c43337aadd0615ab41153452401ac5b6d477b61cc32796c6378cba3fcca2dbfdf09b440c6c755ec765b625acdee89da5510516e1d964ac826926662b0ad813bd8e065614351a4a5d09f9b9e0a642ceb4353005f4b6e34817bff4c0daea4742ccf30d0bb907ae1665095c972f6ba624a66f48b35e68559816d902f6ff0041842a286ae590b6966d479e08e5f2490b46b19d6a459aeb6187c21f3dc2c67433b0d3637373dc618ed9cc28a677b5db237e127015366b9fad5671e62e574beaa8eee7984f6bf5f6c5e6de22e5b459a8ca2828a6a5a3a780f95f040290c07e9a8e805ec6c3b5ce2af93356a1a3a6c8e8d4a434f112ce14169643f33374ff00e86241e1de412543be67548c0ca7f4b56e48ea4e3c96531b75bcd95b1cab02e9088cf3d4a6bc5598e695130ac1595c0b8f5966f587eae4efb1f6fa609f02671c2944e90d6cc3e200d4d3c702a3a927b93dfb76c4c333caa14a322c09d361b62b9cdf2da2798acb0c64ef66d3637c0063357215f3b26156c72e8ce10f11f21a208ab9b3e60f295525a3f2ec40b124b1b7e316770b716651c4b43e7e5d242f3303646db511d2fd7ea31c1753148a160f364f256da5751b023adbe98b1b8378916928fe196abc892da55c1b6a006ca7f1865b8c0de156bf2873c9b3ba9d7f165c1b95f13e5d2717e591c9067f94058aae321419a026d76bf32bd2dd0e3916aa159a4749af1c8b7d7e93fd8c74de619a49c4917c1cd3bc5515d44692a4cac48937b00c7b6c3df96399f3292af2eafa9a5ada7829e48a56864d2a45dd4d89b75eb81bdc6476a1cacd66f83316970e50a9a9a9e99485924763b9f56d8c5d30c4cfea562ba94753bf7c3a9e68e1a75669023117da3048be06be9665924a8793503604f5ec30465b86eaa581ce1ba2a12ed737c398259215312e901b99d209fce3d0ba81daf6e7ed8f5caa9d3616b589ef858efc849b5c4709003d3653b7be32b1d9dc31f980dbe98557972fbe1f52d1528a492a245925949b2a8234f2d85bafe6c312144a9876c509552093c891b636835c6e241b11cae2fbe0a4b343574c2f49053cb4ec14ac3a08d047f9caee5efed6b1fcfb5bf0d2790b0d2ac0c82cc4124b1ee6f8f9e68d2f41adc15a4f513490c1234da0f26200e581d9b3c2d76560ca3b7f98e0a430c6d13b4c9e8e86f81d591c4ce8c41d05b7b2ef6c063d21c841d6fb2b4cbcc3243e73bbedb2803e5f6f7c3ec85bcdcf68fd2ca15ae180d8ec70d25585236d0ea483f28360b85f85e39aa38a68169558bf9ca00bd86fb73c105125c9ac20d53b4d750a6b0234d5091c90f31666b13763fddf16df09a20ca2106c741b0b72b0c5671b49519951e5eda9599f4edff2f56b8ef8b4269a3cab2d05633e8501100dcf60309e2652e01aba96570966a73b6ad92b9931914faac17be2bae2a57593cc06e30cb8c389b3c5ab6325750d3107d34c0dca9f7b0e7f5c47e973ccdab65114cd0c9b9161cf0563006a7ce2da6db453dd4f328f9858ee6f831c05c353f14713c5410e610527960b979f6536ff002dc77c46f3bcc1a8de4a76a62b2b05b03b5fbe257e06f1e643c2f9d9adce32dad9a62c02988215403ad89b938235a09dd273c843761babc38eb84e872cc87fc5a491d2b236460b6055dedfb8dbef8e49f132a165f1233b9e10aa3ce059580ba31552c3e809231d9be3567d439f786394e75c391b54c1356c24aa822cac48dedcacdfbe38bb88552b388f37aa7d316aad94316176203585ba74186081183d42c866f317401cf1bda8e54c0149919b533358dc836fe984e081048ababd600258ef63ed85675890b69669013d4723ef84daca91b070ae7901f330f7c15a4d72b3ed274d237a363a982ef6b0c7a230edcaf85268d1df51254df60391c6de5aeda6e1adf3601a41291205f2bd8d230d63f369dbb61c0559692ae0561ade12ca3b15b1db0d95b4b152df8c2d4532256c2a46c5b4b13d01d8fec7117815b2f872a3a256a2cd927e51cea0b0f63cff007c1b24900b5c1bf3be17c9b2ea7a9cc2a6926a54a89e38a68e04905c09362a6dd4f3b61f712d3c222a7ac8269199d3c9aa8e4043c532000a9bf5b5b1395cd7a7678b542260862b3429a810e587a7adbfa607d4cb5724365d40dfd4ca373ec30e5d0b53c9690dc8efd3db0d996b62a523cc3e52ec82fb027006d137d520ca26d214a2a556f510931b5ce8602f7236be0c7024f33f16d2058f427aed6e41846d6b7df11c8be20334aeecc05cfa8f5c2b9755cd495d1d64121f329e447404ec483865d1d82ae7052f63335e4020107e0574347431556674b514b0ef96f9504adb7af6dec3db6fce2559a53f9f48555ca1e8c302b83335c9388327ff0017c9ec8cfb55c5d525eba877ec791183b248b1c68cdbefcad8cfbc96bc03d175dd51c87b48f70edd557c614229635a739640d7258c8874b13dcf73813c2bc332e6398bd4799e58521c8bea27ef89378815e1a7d2c2cc792f5fa606f09d553d09966aa5a860c548309f940bdee3ae2c1a4e9d909f1c61e35219e2fd128969e48d7ff49771cf96f884d3d3d2ba85314de6dadaaf6c583c795d4598ff00be47551081c0d0756c6dd3119c9218d996742b2bc2e1ecc3e600dec704649a5b568388c387c974ba8382328cf320fe1c2ae9b3b68a44960351488b7d71dfd6164fb80db7738e39cdf319aa6be477670ceccf20d23724dcfdb1d8bc5bc5b4b9e7f0f19c7164c0c2f252454622522c9577789885245ff4d976c718660ba9d95604326cda89b597b900f6c38434e9f0a583cd46a796bb9b37f24d29d1b599591b97a474dfdbff00386d2413c92aea558f41b805b7270ebe1bf5352cde6321bd88b0fec6358d42d46a924d6f6be945be0c1d4490aa771641528f20075df90df6eb8c9625b0506d6f987b6153196b8120b0efcce129a39906ca0f738013bf0aa0a4c15d61b49b5ad854aafcda77e78c82362a5ad61cf7c7afabcc1af99e56e981ee297892cea9da5aaa89827e8d453ac858f206d7fdfd5f8c6fc052499e662d9056554625ad5094724e06d3aff2d4b1dc06dd6fee3043398647d14c87e5a387ce1d2e6e74edec7f7c42aa55e376283cb747b6817b8fbff7cf0e362021612df1dfd51fb5777a3d4a519ae535996e63350e654b2d2d553b94960954aba30e608c6b252c722092c0851cadcfbe09ff00b692f1364f1659c4de7d566d4a00a1cc5ac5ca003f4a427761b6c772303669240aea55b4203b8161f5c218866870d2501eda36100cca311b96421231f96c2159a5a9639bcad019c5906d7187b5669da58f633b5f7b1b0030de52eec88a6c435eca36186184d04f45600b533f08ea26838e32ea7a390c51c9ad658c37ccba49b1efbe2f8aca85f8657bfca37fa6287f07e0a8a9f10a8668e927229d647919509541a48bb11cae7be2e4ccdfca9ca1fe536c476c54639bf9a3c9742f65b5370a75789fa0508e2aa5ab9b3c79a1459cb8ba863b000ef8d2aa0a9a3a45924a045655dd55eff707ae24f78a9f52c8baae763d6d8099d5505a4963f3e4006cba7078ae82bc7767ac92ab9cea58750534aea3513b0e5875c3dfcc4962475001b86e64613cc25aa56bc9ea527627738917863c3b9a71467d4f946514e65a8a83d7608839b13d063ec43f4b38518cb0bc6f4b389f34693c3ba3c89a560c99b4b5891df6d3e50426dd773fb1c5795b233aa47e5a225c6a7d36b91dce3a2b33fe1c7c45cc73ca877932986245f2e01f17e928395bd3cef726fd4e06cdfc2bf88b3be93519246b7beb3564fed6c1b0da88008e36f2589ccc89f14f91a451e3f7542d42f970078bb066006c37b0be06c4eab1b4eed2297ba22a7338bf33bfe197c4bcba27305150e6c1c007e1eb1757e1ad8a6f89326cc722cdeb325cde8e5a1aaa126396271631b0dedb77b8dfdf0db0d582122e80e8a0a42558aecbf7c6813d5ac9b80361df0bab6a8f5efb0fdf1e6a76bb6a5048dbdb1022f759be527787483e6693ced84e6116dbea602f738da553a94484589bed841d9411a6fbedcb017bc9154a04adf8ba6a9a4ccab3cb0556a5e1905c6da020b58fe30cb36197d4e6ab2a094c6c16e485527ec2ff00f9c4aeb68c677c2ab502c65a688c721ffb4d87ec571079a3994952ac597b0df1386591f16827608c482f2eafbe52d9ee571e599852bd333c91ce8af19eb726c4587337ff005c14e22a27cbaaea296a9ad3ad83057d43700f4d89dedf9c3fe1fcbeaf36ada2631dd32e8259f71b87b7a6ff004201c1ee36e19a8aca4c8abf2ba4a8a9aaad89e96a62894b93321dad6e43411f8380492b4e9b3bab0386eda32f8b7dc57dfaaaceedad69a956c5b7248f5018779264b9ef12672329e1dc9eab31a96b9f2a08cb123bb1e407b9c5a5c2be118a545ace2ead10dc7fc1d2bde4fa3b8d97ed738b37208f2cc9a89a1e1fcbe1a042c368c6ee47566e6df73843119dc309ee0d47e5f15aecb3d92c562409261a5befe4acc861a2e09e09a2e0ea3658a7ac41535ba47aa7956e1cbb7501b603fe9bfd6379f4deb2b6ebb60a67534355a24a947bc6c5e3913e785cf3fa83617079d872c00cc23926378a78a63dafa1bf07fae01063e3c4b5a5c69c05107c7fdadc37289308c2d6b2dbd08fbe88056573ac852e7d8f3c09a9a89247d2cca3bdcdb052b68eb158b7c24e4f709a87e45c604b52b54c8eb2452a301c8c64619d0eaee948ea01ddf0909a08a44f5bc4001b1be3a13f85fa0a5cb32e8ebda91e392beac08a73b168d36b0f62c4ff00f1c509c3dc3d3e699dc7428d1c1e69b19aa1c471c63ab127b0ed8e9fe18a8cb29330e13e1aca2a9ab92851626a9d1a55d99b51d23fe5d8db15999588ab56f6da1e3b8e9e5d54f10ded62735acda8d9f00013cf1cd2b2b3fe22a3a2cc6582590c0d4f60cefb2efbec70df84b89a2cea69e22ca195caa80c0dc0c42fc67a369b34aeaaacff00878290490ac64aea6b5816effd3118f08e63fed15144b3793f104aeab5cea02e00fc610398cd1e64fb7580f22be9f25590643879b2a38969ef017e5b5956578bf98cf93f08cf5304ed14cf3471c4473049dff6c433c4ef0b725f18fc3ca3cea9561a3e254a5062aaf944c5458c5291cc5c6c798fa607f8e9c40731cbb27a4591588a99ccfa4db4bc4745987d49c1bf036be4ccb85ab725f8a78bc8a856bafcde53ee40ed722df7c5bc598b5b8d73982c11c7bf91e4bc7e4ce8b246624ece0f37fd27bbf516b8ed254b85df6d81b733842a4df52476bf5be379198300a0580be35588cb76606d6c681ce0ed9723bb4d4f98d7b30d245877185b2fa1adcc668e8e8e26795ce9517b0f724f403a9c2f4b01328444d7248e1403d2e6d8b7a1a0cb384f257a1862926a893f9d52d1faa46dbd2b6e4a3a0e6799f60934ac72ccb9d8c71e8d1ca1bc1fc11fe1b955626639de5f219e3d512c4ce4c72016b9f4d88dff006181fc49c2f96d2e4b2d5bcd0cd58581f2295c80a0db536c2edded6187d579957434692250ca164b5b5581b624bc33595b5b449052d0d2c11f97a84f096d520ecd7504f5df0c4385738deb3f7e49ec7e4787035768e03d381e97f055ff0084f98d1a71953d2b3c7f0959aa8d8dacb67040dbfeed38bb3c16e1d5a9a5cea8dabe58a4a79352069bf48c5efd06e5bd5d0003ae293adcaeb6ab3b92a4d2f90ab2b3acb1a1b037b837ef8b2b23a5a8ace21cbeaf2e6a81258492c309f54e8dfce402f63bee01ed814d97421e5cedc115f5fdd4f2a9ff000cc11c64db4dfbd49f88a96872ea9969eb286ac4886c590ab29f7046c41c446b2ae915f4d37c5c63b32036c3baff008aa3a892279aa2311b18ece7510072be19cb984303ab56381191b0d3ea73efd8631d3e0dcd276d9770c14a3b36baf5581f7d524e8648fcc6942dc7a7529d44605d4d1ea5f5491dfd94db0f2b78aa9558886953eb6be02d67114d2dfcb8900ef6c24d85f7b056acc43826b574350a0f95528a3b5d8606cd26649755aefb07270a5657cd31fd4936ec30d0541b811a5ce2c6112346e86f9413de4ff8607939bc13e6accd46af79b40058afb5ec3f7c5f3e1f667071078c745f07924b94c14f4c6a5a3964d4effa61518ec0282a56c3efd7117f0a7c3d8e1a38f8c38c626969510cf459681769c0dfcc9074416bd8f3b76e734f015aa736e23e29e36ae5225ac90451023e504dec3e8a1463e2631207b88b147d06ff007ff167b35c7c4fc34e5809d0d2dbbdb53c8140707de77aadbaa9478eb5d94c3c275d0cd234798f94863057f98acf6b03f5e7db151f8755c6973bcaa626de555c44dfb16b1ff5c5abe3eac559c25974c1011f143d56dc0d0db7e7fd3148e53268a86d0774dc7d46f84f367b7f11da340e86c75f3f7af3d9581b264ee61bdc9bbf825fc5992a683c44cc32b750224ae9a643dd65d2dfdfdf121f07b368f27cf5a672b14728f25983fcf704a829d775d88b6e6dbdf01bc7ab37882d9805b25552535429ee1905ff00d30272e7d503489bbc463a84b7fedb8623f17c4f107b39edbb6e55be1e018cc9db13bf99adbf5abf9d954b3c7b0d57bb7307f638d2eca5949bf53be33198dac8d1a97e6a7340348d708247271151998ea44904db75d3be9fdb1666679e3303a808c1dc9b5ed8cc662623174b5d9100dc3bb4f8ff008094ca64a0abada45aa86aaa11d3500232145ba1be2515fc5195d26528129cc6ec0a88c45727ef8cc662de101add91a6b7ba8a8ca7196574e918f20f9925c02558b0f6d873c01c9f8d2b787f8ca3cd042e9041560b43203148bb6db116048e5b58e33198f9fbd0294c49eef92b23c4ecc2838a24873cca609e9d2ba994ccb2c0d115916fea1d0dc7504f2c5579ad4553c8165be941a56fd00c6633196ce216b64242e93ecd621f2e023d5d36f81439dcdce34b4aff0028c663314bc05a30e2b68e92e6f21c4b3c3bc9686bf892960ae2529756a9485b9206f6fbf2c66330acd23b4a8ca2a3756c68ae91e2f9e8e8bc39ccaa29a40e64a710464ffd642851db6be15f0fb275ca386a832ad3a26957cf9c0e85bfa0b6331985e5a76815cd0f89dd73b98ba3c09683cbdc7fb5a2bea510f16728f8df0feae3a65d52528150aa06e74fcdfb5f1cc592c8c733914f538cc662d3da0898d2d2d15dd1f25a3f61a67bb0b2309d81fa8522f1ba3d5c3dc1f9b733365ef4ac7de36dbf66c457866b9616826906a4461ac0eaa7661f827198cc233ef135c7c07d16a322efc0e61e2de3d35397ffd9ffdb0043000503040404030504040405050506070c08070707070f0b0b090c110f1212110f111113161c1713141a1511111821181a1d1d1f1f1f13172224221e241c1e1f1effdb0043010505050706070e08080e1e1411141e1e1e1e1e1e1e1e1e1e1e1e1e1e1e1e1e1e1e1e1e1e1e1e1e1e1e1e1e1e1e1e1e1e1e1e1e1e1e1e1e1e1e1e1e1e1e1e1e1effc00011080064006403012200021101031101ffc4001d000001040301010000000000000000000007000405060203080109ffc4003b100002010205010603070204070000000001020304110005061221310713224151611471810823324291a1c152b11524e1f017335362d1d2f1ffc4001b01000203010101000000000000000000000304020506010700ffc40035110001040103010603040b000000000000010002031104052131121322325161a14191f0061481c1233542527183b1b2c2d1e1ffda000c03010002110311003f00e6976ab8dbba2ae809fc4061acb3b53caceef202a36b0b75c6d4ccab29ddd98785b84b8b907db0ca478da919c9662cdb79eac7cce2998c37b854f1c447886de89c0ae79dbee184683fedeb86ac8e95002a1790f4f0f963182ae96252b2c6cc7cb68b62e3d9ae95d47adb336832e8b6d3258d4ccec447021e05edc927c940249c10b4b2e86c9a644eba635414394e679dd4d1e5394d0c95559349dd430c0bb998dbdbebed82be8cfb3c768b98a491e7748d92431d33482a24747d8c3955750db883c83b6f6e3d2d83ee82cbb40f655a72a9a86286a7396da279aad3ef9893f81058951c13b7f5f4c416a9ed72334d5ad9754bc95c498a9e2b23597c4bbd4f9dc1e54d88b0b626d680ca2ace0c201b4e0ab9907d9861911456eac496a1d41434f0f8483e7e2b717f31869a9fec97aa60a199f28cef2dac006eee240c92cbebb78da0f5e2e717fec7b576675d950c9757c53536e36a69148f10238e6d7e7dbfd3073d14f0b652b0c7512d453b70ab210c53c8f23dfd71c85ad773ca2cd8cc8f7017cfacef4ce6fa4274a6cc72faaa591af66a888adc0e0ed2783f4fae2a59ad50943b94d891804006ff00affe31f483b51d0745af3484991662f252c8b28961aa58f7ec7171bad7e783cf38e08ed6fb3ccd743eb4974f67681a4d9ded354a1221a98cf465b81f223c8f185df8dd93fa8ee1544986d04b81543a2ef9e30aa7bb9a6bdcf5257f8187454077dd3461100bf1bb9e847d4f9e329227a77759071eaa2e00b61a415148c18b5f7edb9f4ebc0e3d31df16e12c4751242dbdd8b0d8c112de1056fc6163449552c923318a1173d02f4fdb0b130d72e88dc9c4456a1846e8a5113adedcfcf1ecf959076c8e801e9b4703db1847186ef0c51b10a000cc780079db12501904082472768beeb6e3d7a7cb017bcb3c250a495c0f74ac34ce9a6ccf318a8698acd3cd26c550bcdbccdfd00b927075873ba4d13a323c8f25d8bb01df32a59a590dee6e79fd3a0181ae8fdf9765f5999d1aeda8a8530c5203c85eadb7d3d0fcb0ff0029cbeab39ada7a32a88f2021dba90b7e79ff007e589875b4bde568b49c77b8071e5decae392e73a8b36c96969e434ccb0c8f2093baf1b338b117163b40e3ea71035d9354e5f56b38cb925a7562521dc0153f31c9fd7053c8b2ba6a7a758950288c6d03e5865a9e9e268d82adf6f500f384866bddc2dc374882ba4f2ab3a7fb4b972e1f0998e4503a16e22963b8ebc1bd8f37e7040a0edbd28c848a38a943233247131998b74b5dcdc727d07b5f027aeeecf7913f5bf1c8c4408bb9aa0ecb71bb7daffc60ecca206e1233e92d07636bb4b49f68b97e6f94db3294e5b3a8177b93dd9f53ebefe581b7da35f28d5fa2f34a6cc0d32e6b925aae9aa5210c5e2e37052412548209db7e80f9605590ea787e1d32e959bbcb1ee48ea18ffbf2c591ea9ab6a29e833b8de11dc8a595d5402ac3c2c6df5371e61ce09f7a2f1d25213e96c8c123e2b9c4c67bf92028245889b162cb7f4201e48f9e1a4cac54ac14e7936365fee70f352d266192e7d5994d4d554544b493340a9bb71297b03ed703f7c474d511c302ac88cd2b0ddb3774c403083b2c2cb09649416b8e340bfe62a628e4fe932816c2c32068dae65a6b35f8058f4c2c1fa0faa97627d7d948d0491cb53b1a3628395b7e13f3f6c3ca8985d8411ed1b7952d618f615a648630e5a336bed6162c47fbe986b5322ed68d57773c6cea7db0aecf77095aeb76c15df4dc52ff0081d2bd3c65b72b0da05cb316ff004c5bb44c4cb5d097369436de3f37a9f962b5a361aaa2d2d4d3916466997c2c772a861b9adf5dbf3be2f5d9840b345519814e4b954f65180cd374b4d15e8ba3e397767628503f82bd96558d8a0ebe9883ce3bbeedbef393d46ee986daab38aea6864832f78a12a84cb512f0b12fccf9e0499a6759a2cce21cec54b7e263b1bf5b91d301c6658b5a4932844eaa53d9ea3c756db7c5f4be23ca86512395516b75b6346495799d74e0348950783616be23f37cd6642d4cb0aaba3b5c3706de583d04074bd5bd223f631a4e87536a3796aabaa290d359e12911915dc7366b74160706ded3322caf2cd366afe14c7586451148adc162386fd87bf91c043b08ed4f29d213835991cd34f23de59d274bafc939245bdf076eddf388f51767991671a7a135114d5b0163b385497c20b7a726d86591b7a763b854b9334864008ee95c6bda8d5fc5f6959d4c0f7526f512a0371bf62ef238e2ed736c56e68e30b24aa54cd604fafd7163d42456ea5ceaaa5261dd5d28208b9650c40e7cb818aed48a7491de2def6bf8588e3d2e712ebb75792c464bc3a7752d504348109903b6e37053a5bebf5c2c7b044d22b328888bdbef2d7fdf0b12277e50cbc83cadb1fc78a8253bc250105d875bfa63654d432aaac706d6602ec059891d6f6c37ab9ab1e7b2c92281d0038c679645b0ddb196ca2dd7dc9c4432c8269722b15b0dd1abb3d9628b46c5535709977d1f70b183626479a42793d3f0ae2f1a3b2d6cae9ea28a45e124f01f55b71819761f9be553f7da633a936c86712d03bbdb7483f283eb7e40f3e70668a331baa1376b00491624fae2932ed8e23cd7ac69934591850bd9cb406fc857e56a0f51e586a5c3854994107b9905d0dbd473fce05fa8a333d74aa72e5898dd77a3ed0460cd5f529041285019cf17fa738126a0a8596bcaadae4fe982e3bb6d9392460b6dc9fe82d2ef4ddd6652c9e0536da07bf0314fed328fbbd453109c173cafa5f045d2598e5f43434f1d5554c936d3b91c5a367278b1e9e98a86b68bbca8966691546e362dc7ff0070c35d4eb2a0f89ae869a15421a6a4986c8e298486de2bdb9bf91f2c7616459567fa7fece4f976a03148c2259690464de3b9ef04728fea045f8bf5f6b6397b4d05a2aca4cd444953f0d32ca633d1f69bd8e3a93b4bd41479b760f9eeae8a59529ab29616a55552445532030ca2c0f95afe5c9c3903838937bd2cfea51f62c6ed4dbf7f82e2ccdb329aaab99da5903c8e5e41b41249b936c44c48d24e65646da092bfd3feb87b98852cec29e46958f848ba8b7adbc85b0cde9a4602f3af163b16e38f4c4e300058873402696b95a7591bfcb5c13704df0b1b1e3a9762c7bb5f6b8e3f5c2c1811e8be0056e4294cc6992150620dbc9e141c308152490c5280672dc9f203d4e25eb95a4ef183aaaf9c9eded88da6eea101a06decc39622c309c4e259eaabe127a0f9ad79604350f31673344fb901fca6fc1f9e3a3fb2bce2bf35d234b579a4cd2d407922ef5ff13aab58127d79fdb1ce14a6258a4575542cc4afbe0f7d902b2766744436e659a7607d417230b6a2db65faad77d9973c653803b571f2ff00aac99f48c292a523ff009850db02ba78dfe2f6cd495331dc4c8f1adf9079fa0c112ba492a23ef1090e86cc30d0c7053c5be9caab83b8fb9f3c2b8db05ba9c35f5beca9d9d3534549253cf1cca9200003c8fed6fdf14ccda7a696a14b5435d16c4b127f938206ac9c9a612ac7072791b79c50eaa486473be9d55ff6c3c0ec80e118b0148e9f628c76bb344c9e2b8b737e0e2cbac73dab9bb20c8f204aa91618b37ac964815bc2ebddc7b5987b3335be67113a3a8aa330a98a86929e4a89e7202471a9636f90e71b734d2dabb33cdea451698ce4d2d3030c69f01292bb4f25bc3c126e6df2f4c2d1c9fa535e4abb5ab1801b7649d87d7d6ea815b2464048a102770159afcfcbdb18bc7dd40674b02d7da6f726dd7e58b454e80d6b2130c3a533d76dd70a32f93ff5f6c35ccb47eaac9e3ef339c8734a088a14066a391073ee45af8783806ac60c6713642a64d503bd6b03c1fd30b12090410ee592369189b96dd6c2c32246f92e163af84eaa103ccf25435a2279507f8c376681a9fbc20c715ecabfd56c3af839eb6b7e0a9a29259a671b56352eeded6c1374ff006375d5cb0cba8ea23caa05b014b159ea187bfe543f3b9f6c212e5458ed064757d7920e069d3e6d3226927d82acf631a422d6daa7e16a59a1ca689054577763ef0c77368d0f3666e79f2e4f383f6734b9265a64a1d3d9641966574ff77053c4e5c0173c96372589e493e670e32b8b4f69ccb132fc8327a4cb522dcb3c94c089a7420adde424966009b1f2278b62aca9559765df0b3bfc4c29c475482eaebe5b87e56f507e971ce106e7c59a1cc67208d8f355cfcefd97a1699a23b4e01cf1c83bfadffaaf751d5d55dc4d23211ee08e310d53988dac4743fb61c660e1d5ac6e3d8e20a45540d73d7f4c7402de13b201c15a2b655a9620df8e988dabcb56a24baab1bf005b0ea4f8a452d19f0e165f1e6398ca94a81dde5902224639724fef8e1926f3458e382a885d1df64ed314195c106787b99330ac778d6fd62894586df99079ebc7a60f35b5a94f57bd5958eddad63cfd7039d2397c1a7f52e4391d3c5f0ddcd1d38920bdd96428c5afefe67dd8e237b4cadafa7d439a264922a77779aa65636db65e545faff37c52cd9b363c525722502ef8ee8e3e5b859f9b00ea19a1ad340b6c5f1568a795e770662f32534c18c6d6366f3f3c68d519a4f9764b5f58de34820696cdd0d87437c07fb2ecf6b973c8d0bf7a6a5b84543773e7d0580b0c5b7b6dcfa28fb3cab580d9eae44a5b1041176b9fd94e2cb13567cd88f323fbc3dd2f3e82fc7d4a3c5ab0e23dceea33fe197677dac5252eaecff286198bc229e5f8698c40ec26d70bc13636bfa01858a0694d715f90658d454e3746d2193af4b803f8c2c4b1f5f0c8dad7b2c8f8ab7cbfb25a889dff00773dcbdb7f82c29b4fe53a3fbca2c868d29d88024a96f14f2f1f99cf3f4161ed88f4776ae01dd9ad73ce161633cf71739c5c6cad56931323c5018d036f82f6b5dbb9120e182feb7c41d6bbd3ca5e191e3247e536c2c2c023f12bdc300b68a8c9e6599ad3d3d3ca4fe62966fd458e36a69ecbab56ec268aff00f4e43fcdf0b0b1a2d3a47bbc46d526b7044c16d681f82c2a34cd0d35049b27aa6f3f1329fe318f6775f3e419f99f2a114154f6885498c3cb18279285afb4fb8c2c2c33a912c84b9bb1557a3c6c9a5e89058f23b846decb9e59fb52535134b3bac95237c8d763b06d173f2c4ef6d11aa419acaa3c725347b8fd6dfd80c2c2c65f23f55ff31bfd12993b6bb081fbadfee43bece66922cef27911acc2b6317f626c7f63879db055cf2d6e6996bbde9a9f3d67896df84b53ab1e7e649fae161623864f64efe3f92be9dad3acb091fb3fe48748ec56f7c2c2c2c756bc05ffd9, 'image/jpeg', 'hungary', '36', '301231234', 'Szeged', '-', '-', 'odry.attila@keri.mako.hu', '$2y$10$/AYGAbH1sQoN8UJpGSJ7n.68yQO8FZz.8pY0XZtPaBrxL8pBmPgBm', '2023-07-11 16:51:46', NULL, '2023-10-31 16:28:30', 0, 1, ''),
(2, 'U', NULL, 'Norisz', NULL, 'Antal', NULL, NULL, '2001-04-27', 'M', NULL, NULL, 'hungary', '36', '301231234', 'Makó', '-', '-', 'antal.norisz@keri.mako.hu', '$2y$10$/AYGAbH1sQoN8UJpGSJ7n.68yQO8FZz.8pY0XZtPaBrxL8pBmPgBm', '2023-07-11 16:51:46', NULL, '0000-00-00 00:00:00', 0, 1, ''),
(3, 'U', NULL, 'Erik', NULL, 'Ferencz', NULL, NULL, '2000-04-18', 'M', NULL, NULL, 'hungary', '36', '301231234', 'Makó', '-', '-', 'ferencz.erik@keri.mako.hu', '$2y$10$/AYGAbH1sQoN8UJpGSJ7n.68yQO8FZz.8pY0XZtPaBrxL8pBmPgBm', '2023-07-11 16:51:46', NULL, '0000-00-00 00:00:00', 0, 1, ''),
(4, 'U', NULL, 'Dénes', NULL, 'Gera', NULL, NULL, '1990-09-28', 'M', NULL, NULL, 'hungary', '36', '301231234', 'Makó', '-', '-', 'gera.denes@keri.mako.hu', '$2y$10$/AYGAbH1sQoN8UJpGSJ7n.68yQO8FZz.8pY0XZtPaBrxL8pBmPgBm', '2023-07-11 16:51:46', NULL, '2023-12-19 19:05:41', 0, 1, ''),
(5, 'U', NULL, 'Szabolcs', 'Máté', 'Hevesi', NULL, NULL, '1992-06-12', 'M', NULL, NULL, 'hungary', '36', '301231234', 'Gyálarét', '-', '-', 'hevesi.szabolcs.mate@keri.mako.hu', '$2y$10$/AYGAbH1sQoN8UJpGSJ7n.68yQO8FZz.8pY0XZtPaBrxL8pBmPgBm', '2023-07-11 16:51:46', NULL, '0000-00-00 00:00:00', 0, 1, ''),
(6, 'U', NULL, 'Mária', NULL, 'Joó', NULL, NULL, '1968-09-05', 'F', NULL, NULL, 'hungary', '36', '301231234', 'Makó', '-', '-', 'joo.maria@keri.mako.hu', '$2y$10$/AYGAbH1sQoN8UJpGSJ7n.68yQO8FZz.8pY0XZtPaBrxL8pBmPgBm', '2023-07-11 16:51:46', NULL, '2023-10-24 17:14:22', 0, 1, ''),
(7, 'U', NULL, 'István', NULL, 'Kertész', NULL, NULL, '1983-06-24', 'M', 0xffd8ffe000104a46494600010100000100010000ffdb004300080606070605080707070909080a0c150e0c0b0b0c1912130f151e1b201f1e1b1d1d2125302921232d241d1d2a392a2d313336363620283b3f3a343e30353633ffdb0043010909090c0b0c180e0e1833221d223333333333333333333333333333333333333333333333333333333333333333333333333333333333333333333333333333ffc0001108007d007d03011100021101031101ffc4001c0000010403010000000000000000000000060103050700020408ffc4004510000102040304070504070607000000000102030004051106122107314151132261718191b1143272a1c1233342f01552627382d1d21617242643837492a2b2c2e1f1ffc4001a010003010101010000000000000000000000010204030506ffc400251100020202010403000301000000000000000102110321310412415113223214526181ffda000c03010002110311003f00ad14e668d2d99521bcf08a24286bff0030d33fe31aff00bc4007a409bb8e7c4af58e1112e480c5a2f487bf71f511c64fec77c5f82b265379c63e31eb14db1c4b06485a9a3f78bf58e1bb3a9aacd9a5f718a01f49baa0b011afba47c2217203805e0a031a16693a5fb3c4c006e38eb7ed800d88f77e31eb0c075b163e1000ccc7ba8f1810021fdd3cadcf5e7fc5e6ff00a63677330a628d92c99dee4f0ff7db1ff8c2b65268765b65f2f213b2f3ad393a572ee25c014fa082526f6364f642b63b41b19c9e2b27d8d16249b976f7d4de26d8452b39e654b9a64226e5db0829cb62730503cf9470937668c55da0a4f6182c3a97e4095b48582a6cef40bf03c441f26b63ed1d9ec432b46a2f48f1cc038a1648e678c73bde8e91a00a7768738acfecc10d8d4246f022bb5b2a911471cd6d76cd512a16f7528b27c6d0760689393da3541829bb6d14a4758dd5af9985dad0a932c1c3b8aa9f5f4e569611340f59a2ab28f70e30d3626a89e647553d6bc1649b9165186065af6f887ac003e816753000c4c233847603000439baca8d879e266df0810dacdd0aee30916732b70ee852e011ceff00bfcbabbef68e13fd1a317e41bc418969144694b989d425d36b349eb2b4e3a473a6f48eea8a82645631c559e7e55a58960a36b9b253e3cf5d60b8e3e793a471ca7c3251bd97ce2a50de69b2e1fc23878c47f23fc3b2e9e3e59cb33b3bab4ba0d8836e502cebca07d3af0c80a850aa14f24becab2f34c758e58c8e53c328ae48f61e719792eb4b521c41ba4a4d949ed11d2934715a2f3c03894620a386a65cff00192fd5775dfc8f8d8c7269a740fd85805efade1928529ba7f893eb0c63a94daddc6100d4c0b14f74004b95fda2bc2359e71895def09948d1c5754f742286146e8f084344162cac2685427e74db30465403f8947708e13e68d387f279e5b54c572ae9e95654ebee5b31e57d607f48b676846e45e547a7cbc849b72b2e8c886d22ddbccc606edd9bb8d0412ed20dadba04818f2a5d0a26c6c7843a04c879fa633341416da54a0372b8c4ed0d3d95a62dc1c1095cc49a02176b811df16569d339e5c6a4ad720ce14ab4cd1ebcc3f2faad2ac8a45ae149e46df9d634cf6acc91f2bc9e82917c4e49b3349429097501412a16239837e5129da21fa3a08d3c47ac310fa53d7fcf380637309eb0f18181d057f68bf08d679e2a177bc4b652316bb20f742b18cf48020ebae5d05af0ae8aad14b6d5711b53b596a972eaccdcafde696bac8fe51c946db66a83a8a0670a36263124ba528b8f78f6011cf3bfa1ab02b91730a8c94865e9956ec02e630decd544dc94c4b4d2525a79b7411a00ad7ca2e897a1f5214dd8a4902fb89bc142199905473dad61ac26320aa450b64e64e61c473891329eac0fd0d89dc989648012a4ba9b8bf1b1f48db8da9428cb354c2a63685556d90944b30116b8eaf337fac2a6b564f6a1d3b44ac926cc3035fd4bfd60dfb0ed46e36895a03eed81fedc1bf614851b43ad9dc867c1b837ec2916a92bcebf08decf2c750094eb105211cd1b50e60c050ddc34c6726c909b9d385a264f438a3cdf8de613338c2a8ea10a436a70119c5947aa35b428ecd296824d9ad2f3266a7956b9b348bf2e3f48c9d4cbc1bb02ed561b7b5b34a9878bec4c121563d13457a0ee8cf14cefceece67aa54e9d792e4874d2af8374296d14151f18a69a08a7ec29a6bd38ed373cdf55d68f5b371ed897c09a444d4714cb34eaa5db3729d0e53ac14e86a2443f5ca63ed746eadc42d46c33a78c1daf92248ad3124d87aad3294a55d4011d63db78d785542ccd95dc89444b38641b2507dc005bb0427c8bc1d1ecce026cda8eb080dd32ce9ff4d420015b977d215642bde3c2fc4c200b3fb7d224e927503fc29fea8f43e3c9fd4f36e3ecdd38fe445ef213e49dd74a7faa0f8b27f51a947d93f876b8ce2044cb8dcbbecf42a03ed4017bf2b13ca25c251fd20949569932501c43895fbb73f488b4f45c956ca271f50e724f154dcc2db499799582d38855c101237f6c429a4e8d308371b41b603915c952da0ab02e2b310230e592723d08aa8a0f65e513652c80413adcda144963c645b47db12a294ebbee2181c134f932d32ea6c02d160470ed31365a5b04e5e8cb99a436e4a4db9273245f3a024859fdb077f1f9434d791c9b07eb2bab4bcbaa5e6e512eb47aa99a6d2003f101b8c547b5f0439300e71871dc44a95b662b7508bdefbed1b20d7c66297e8bd93479532aa1905826e2fdb1c9444d9d49a3cb002c84c3514163bfa1d829d109b775e2924162b547960836427de3c2dc61348454e1a8fa43c5b360d6a3be01a61b6004e4979fed5a3d0c60eb3c1d71f90b82880bcbef024eeee8f3ef46c6b65535bab2aa5859c7267ef1ea8ad0dd858e5469f48cd3de43d2e9d76e3257085483ad2d0a364a06544719ad9a2f4580c3ad352ea79d5755363da7ba11157a22eab557d895f68756da09399b9775560a4f6f6c145a51e01f731ec94a4aba899534a53842b333d64aafc89d418b5072d03ed5bb1dc235a97abb2ecba65d6da0b798926d73c87e78443838e84f7bb37abb01a495ac29db8b5caf4d798e31144d958526813158c55316504b52eee77160dac385bca37c5d4118a7fa6cbb654014fc80dca120137b93df0227fd3bc26e3c6010f25174982c0d9a4e549f88fac14052c91ac7d11e28f017105e802fc19a373bf123eb183ac7b34610b01b6736bd947ff9181706c97252d8c9d4ca551da7b72fd1b12ee74817ccb9736f3063828549b3763c9f4a19c3f53765124a4652e9ca12771eb473c91d9a71cbea18e21c5cba2509869bc8a9e9948161b9238f8c4c23dcc99348075c954aad2ded93f333ca75e5fd9a12d2d64017e5a6ba79475ee49d24358e5256dd1c533469b916a61b72612d829fba7f336b56a7818a5913f043c4e9a5225f04e25561e9d12752688616745f16ff00f50b24135dd1142728fd24830c4f594cbb21d6cdd2ab116e239c65845ca4759695b2270059723509b3efbcfebdd6d3d635bd68c5369b0ee5161b42d278887641362c55a409887d037f718603b2c9bb5e27d4c005261378fa3b3c46c712329f0313e42f414611559a9bf8d3e8630f56f6bfe9a707016824b8a005cdb95f9c618b5da6c9ab6535b44a8d366aacb669c73bac253ed2ea4dd257ae83b45f58e7daeecd18dfd5a05a5aa2eb2d8c9c35bf742704dd9da197b55086a0ece4eb0b98fb56db58ea7e7583b128ba0f91ca4acb24e319ca7cb21c6e5d3372c91629505754f2bc66514df26cda5c0d8c7f23506cb13f4d521275c8a5e64f918a7097864ac91f2814aebd25544f4b24d0690d9bdc822fcedc045c1b4e99396a71bf470542a0b72912d2fd2ad4522da9d6ddd1508d49b38ce778d22c4c132ae4a61d612b20e719c5b8024c1276ccf2e4250a0904936864842c90b4dc1bc501d49161e5080dd95656ceb6d4c0052a05a3e891e20b62526d7d35ec81f0049d1711d1e90c4d2a76a52ed2b30392f994743b80d63ceeb249bd1b3a78c81ec55b4d7aa08724e8a1c969655c2df5901c70721faa3b77c6251f66d4919b3ac289c4f43c4eda519a61b65ae813c735d47ccda14d6aca8bd816f36a69e5a57a281208e22dc0c38bb45b4332cea5b7332a1c95a1274c27a0e214cb3e0bc1250344856bde7f3ce33cb133662cc9eaceaaa54a9d32cad764ac5c94129f003e5f3888c647494e35b60dccd50ad1640005ac6c2d1de38d79324f2fa23da5071e485282524f594780e71d5a5dba38a6db2f7a7aa57d9996e4de6dd9743080da9b50208d470ee8cc0f93a1e2030bbf286225e9aa51bf2bc3404cb641ddd90c07654d9bfcf33001e5e7f165456a516ba3613f8404e63e677c7a2fa99be199174d05ca23266a33b3a2f3334f2ff649b0f211ca5924f96758c231e11cc9dd6e1dd68e7a2cd86f8068b6f60b534cae2f9ba7a884fb64b1524df7a906f6f224f84268614ed17654e4f4c3b57a0b775b8733f2a13bcf1527b4ff0028e4d38ece9169947cdc83d2330e30f2168524dacb1630d49481a68e25a483a45aa21d8da82e1aa16cd32aac4f28764ece85ca4c4bcab134b654865d2436b57e2237fa884981b48d467298f9764661d96593756455afde371f181a4f90417533691368096eab2cdccb7c5c64e45f96e3f28e6f17a2932cca2e35c2f504250d545a61c3a74735f66abf65f4f588a6876173575242c1042b8837b884981b34406d36fcea606c0f2446a399900cd840060df086896c3f567a855e91aacbeaeca3c9740fd6b6f4f88b8f184c67b2e9f3f2d54a74bcfca399a5df6d2e36ae6920107c8c311135dc1541c4673cfc920bfc1f6faaa3de46ff0018878d3e194a4d147ed4b66f4fc2320cd4e4aa0ac8f3dd18977b55136bdd2a1c07223942569d363724d0238530554b19a9ff00d1d332692c11d321d74a56949fc56b6a3bbe50daa25705a987f6332320e74b537fdb5d49d101395b1f3378126c972666d6682da3043ab61909f635b6b164fba09ca7e460bd8a299401494920efbefbc5d96203680051726c05fb84004ed1f1757682908a7541d43437b0bb38dffcaa1a7844382601fd2b6cadb52bd1d56905c753b972ab4849e7a2b7781311f1b1a65411dc832003200144006e93650f2bc21a3d19b0dc466a186a628cf2eeed355740e6d2ae4791b8eeb448cb7010a04df503f262d08a636ef4ba9ceb54e9f96977dd94936dde9d4800a51729eb6f2786f31cadf70c11d874f332b8c26a4dd4052a765b2a082122e9505117245f4d7c22da268f489094209b65005c886140ee26914d570b56a49cdefc9b96efca48f9da39cb81c793c7ca37f1d7ce2d0df2690c4cc100214403177400370c93200304002c20141b180682ed9e6295613c5d2b3ca55a51d3d0cc8e1d1ab7abc0806019eb361d494a437aa48ba55c083bbe90213033699881ec3f8367e6da5243f336956736ba2af736eecd12df804797e5a61e929b6e6655d5a1e6d414dad0ab2811c4723fca2d2a423d4580317bd8cb0e4bbef84fb5b2e7473453a05103deb70bdd261082ccb7212afc7749ee378997035c9e30a8ca991a84cca1dec3ab68f7a5447d208f03f271713160cc8046084342c03348093200144006400640346d7ca0a87e1e1cf8400cf4c6c7abd3358c149666802aa7bc2590e5f5522c08bf68bda12e44436df1c50a2d15b16ca5f749b0de4016f584bf65782872ab002c088e8b824b4f61f3efcb62b99920a2a666a5f32813b8a5400f92cc2623d04b1941e362224679171cb61ac6f5b42777b73c7feb3130e0a0722c4c4862304002884347ffd9, 'image/jpeg', 'hungary', '36', '301231234', 'Hódmezővásárhely', '-', '-', 'kertesz.istvan@keri.mako.hu', '$2y$10$/AYGAbH1sQoN8UJpGSJ7n.68yQO8FZz.8pY0XZtPaBrxL8pBmPgBm', '2023-07-11 16:51:46', NULL, '2023-08-18 08:54:12', 0, 1, ''),
(8, 'U', NULL, 'Péter', NULL, 'Kovács', NULL, NULL, '1997-07-05', 'M', NULL, NULL, 'hungary', '36', '301231234', 'Makó', '-', '-', 'kovacs.peter@keri.mako.hu', '$2y$10$/AYGAbH1sQoN8UJpGSJ7n.68yQO8FZz.8pY0XZtPaBrxL8pBmPgBm', '2023-07-11 16:51:46', NULL, '0000-00-00 00:00:00', 0, 1, ''),
(9, 'U', NULL, 'Melánia', NULL, 'Kovácsné-Mészáros', NULL, NULL, '2001-11-10', 'F', NULL, NULL, 'hungary', '36', '301231234', 'Makó', '-', '-', 'kovacsne-meszaros.melania@keri.mako.hu', '$2y$10$/AYGAbH1sQoN8UJpGSJ7n.68yQO8FZz.8pY0XZtPaBrxL8pBmPgBm', '2023-07-11 16:51:46', NULL, '0000-00-00 00:00:00', 0, 1, ''),
(10, 'U', NULL, 'Renátó', NULL, 'Nagy', NULL, NULL, '1993-11-01', 'M', NULL, NULL, 'hungary', '36', '301231234', 'Makó', '-', '-', 'nagy.renato@keri.mako.hu', '$2y$10$/AYGAbH1sQoN8UJpGSJ7n.68yQO8FZz.8pY0XZtPaBrxL8pBmPgBm', '2023-07-11 16:51:46', NULL, '0000-00-00 00:00:00', 0, 1, ''),
(11, 'U', NULL, 'Tibor', NULL, 'Németh', NULL, NULL, '1975-11-15', 'M', NULL, NULL, 'hungary', '36', '301231234', 'Makó', '-', '-', 'nemeth.tibor@keri.mako.hu', '$2y$10$/AYGAbH1sQoN8UJpGSJ7n.68yQO8FZz.8pY0XZtPaBrxL8pBmPgBm', '2023-07-11 16:51:46', NULL, '0000-00-00 00:00:00', 0, 1, ''),
(12, 'U', NULL, 'Ferenc', NULL, 'Rácz', NULL, NULL, '1999-03-15', 'M', NULL, NULL, 'hungary', '36', '301231234', 'Makó', '-', '-', 'racz.ferenc@keri.mako.hu', '$2y$10$/AYGAbH1sQoN8UJpGSJ7n.68yQO8FZz.8pY0XZtPaBrxL8pBmPgBm', '2023-07-11 16:51:46', NULL, '0000-00-00 00:00:00', 0, 0, ''),
(13, 'U', NULL, 'Ádám', NULL, 'Takács', NULL, NULL, '1995-02-02', 'M', NULL, NULL, 'hungary', '36', '301231234', 'Makó', '-', '-', 'takacs.adam@keri.mako.hu', '$2y$10$/AYGAbH1sQoN8UJpGSJ7n.68yQO8FZz.8pY0XZtPaBrxL8pBmPgBm', '2023-07-11 16:51:46', NULL, '0000-00-00 00:00:00', 0, 1, '');
INSERT INTO `user` (`id`, `type`, `prefix_name`, `first_name`, `middle_name`, `last_name`, `suffix_name`, `nick_name`, `born`, `gender`, `img`, `img_type`, `country`, `country_code`, `phone`, `city`, `postcode`, `address`, `email`, `password`, `created`, `modified`, `last_login`, `wrong_attempts`, `valid`, `verification_code`) VALUES
(17, 'U', NULL, 'Csilla', NULL, 'Ódry', NULL, NULL, '1964-03-01', 'F', 0x89504e470d0a1a0a0000000d4948445200000055000000550802000000b7973f0d0000099969434350696363000058c3ed99675054591680ef7baf73a0a1bb693234394994d080e49c24475181ee26d34293c1880c8ec00822224911441470c0d121c8282aa218100505ccd3c820a08c83a3888aca02fe98addaaddddaaaadfdb37d7ebcf7d5b9a7de39f7d5ad7a5fd503408690c04e4c81f50148e4a5f27d9ded98c121a14cec7d800364400254808960a72479fa39f983e558a905ff10ef4701b472bfa7f3cfd7ff659038893c0e00107d99e338dc14f632ef5ce6184e2267253fbdc219a949a900c0decb4ce72f0fb8cc9c158efcc6992b1cfd8d8b566bfc7ded97f928003852f42a134ead70e42a53bb56981dc34f0440ba6fb95e859dc45f7ebef44a2fc56f33ac86e8ca7e98d15c1e971f91cae530ffc3adfdfbf8bb5ee894e597ff5f6ff03feeb37276bed15bcbd53301312afeca6d290380f51a00a4e4af9cca610028bb01e8e8f92b17791c80ce1200249fb1d3f8e9df72a8d5d9010150001d480179a00c34800e3004a6c002d80047e006bc803f08019b001bc48044c00719602bd805f241212801074115a8050da009b48233a0139c0797c135700bdc0523e031108049f00acc81f7601182202c4486689014a400a942da9021c482ac2047c803f28542a070281ae24169d05668375408954255501dd404fd049d832e4337a021e821340ecd407f429f600426c174580e5683f560166c0bbbc3fef046381a4e86b3e13c781f5c01d7c3a7e00ef8327c0b1e8105f02b781e01081161208a880ec242ec112f24148942f8c876a4002947ea9156a41be947ee21026416f988c2a06828264a076581724105a0d8a864d4765411aa0a7512d581ea43dd438da3e6505fd164b42c5a1b6d8e764507a3a3d119e87c7439ba11dd8ebe8a1e414fa2df63301806461d638a71c18460e230399822cc614c1be6126608338199c762b152586dac25d60b1b814dc5e6632bb1a7b017b1c3d849ec071c11a78033c439e142713c5c2eae1cd78cebc10de3a6708b7851bc2ade1cef85e7e0b3f0c5f8067c37fe0e7e12bf481023a8132c09fe8438c22e4205a1957095f084f09648242a11cd883ec458e24e6205f134f13a719cf89144256991ec4961a434d23ed209d225d243d25b3299ac46b621879253c9fbc84de42be467e40f2234115d1157118ec80e916a910e916191d7143c4595624bd944c9a69453ce52ee506645f1a26aa2f6a211a2db45ab45cf898e89ce8bd1c40cc4bcc412c58ac49ac56e884d53b15435aa239543cda31ea35ea14ed0109a32cd9ec6a6eda635d0aed226e918ba3add951e472fa4ff481fa4cf8953c58dc403c533c5abc52f880b1808438de1ca48601433ce3046199f24e4246c25b8127b255a258625162465246d24b99205926d9223929fa498528e52f152fba53aa59e4aa3a4b5a47da433a48f485f959e95a1cb58c8b0650a64cec83c928565b5647d6573648fc90ec8cecbc9cb39cb25c955ca5d919b9567c8dbc8c7c997c9f7c8cf28d014ac146215ca142e2abc648a336d9909cc0a661f734e5156d145314db14e71507151495d29402957a94de9a9324199a51ca55ca6dcab3ca7a2a0e2a9b255a545e5912a5e95a51aa37a48b55f75414d5d2d486d8f5aa7dab4baa4baab7ab67a8bfa130db286b546b246bdc67d4d8c264b335ef3b0e65d2d58cb582b46ab5aeb8e36ac6da21dab7d587b680d7a8dd91ade9afa35633a241d5b9d749d169d715d86ae876eae6ea7ee6b3d15bd50bdfd7afd7a5ff58df513f41bf41f1b500ddc0c720dba0dfe34d432641b561bde5f4b5eebb476c7daaeb56f8cb48db846478c1e18d38c3d8df718f71a7f313135e19bb49acc98aa98869bd6988eb1e82c6f5611ebba19daccce6c87d979b38fe626e6a9e667ccffb0d0b188b768b6985ea7be8ebbae61dd84a5926584659da5c08a69156e75d44a60ad681d615d6ffddc46d98663d3683365ab691b677bcaf6b59dbe1ddfaedd6ec1dedc7e9bfd2507c4c1d9a1c061d091ea18e058e5f8cc49c929daa9c569ced9d839c7f9920bdac5dd65bfcb98ab9c2bdbb5c975cecdd46d9b5b9f3bc9ddcfbdcafdb9879607dfa3db13f674f33ce0f964bdea7adefa4e2fe0e5ea75c0eba9b7ba77b2f72f3e181f6f9f6a9f17be06be5b7dfbfd687e9bfd9afddefbdbf917fb3f0ed008480be80da404860536052e04390495060982f582b705df0a910e890de90ac58606863686ce6f70dc7070c3649871587ed8e846f58d991b6f6c92de94b0e9c266cae688cd67c3d1e141e1cde19f23bc22ea23e6235d236b22e7d8f6ec43ec571c1b4e1967866bc92de54e45594695464d475b461f889e89b18e298f998db58fad8a7d13e712571bb710ef157f227e292128a12d1197189e788e47e5c5f3fab6c86fc9dc3294a49d949f2448364f3e983cc777e737a640291b53ba52e9cb1fe981348db4efd2c6d3add2abd33f6404669ccd14cbe4650e646965edcd9aca76ca3e9e83ca61e7f46e55dcba6bebf836db6d75dba1ed91db7b7728efc8db31b9d379e7c95d845df1bb6ee7eae796e6bedb1db4bb3b4f2e6f67dec477cedfb5e48be4f3f3c7f658eca9fd1ef57decf7837bd7eeaddcfbb5805370b350bfb0bcf07311bbe8e60f063f54fcb0b42f6adf60b149f191124c09af6474bff5fe93a562a5d9a513073c0f749431cb0acade1ddc7cf046b95179ed21c2a1b443820a8f8aae4a95ca92cacf55315523d576d56d35b2357b6b160e730e0f1fb139d25a2b575b58fbe968ecd10775ce751df56af5e5c730c7d28fbd68086ce83fce3aded428dd58d8f8e504ef84e0a4efc9be26d3a6a666d9e6e216b825ad65e654d8a9bb3f3afcd8d5aad35ad7c6682b3c0d4ea79d7ef953f84fa367dccff49e659d6dfd59f5e79a765a7b4107d491d531d719d329e80ae91a3ae776aeb7dba2bbfd17dd5f4e9c573c5f7d41fc42710fa127af67e962f6c5f94b4997662f475f9ee8dddcfbf84af095fb7d3e7d8357ddaf5ebfe674ed4abf6dffc5eb96d7cfdf30bf71ee26eb66e72d935b1d03c603edb78d6fb70f9a0c76dc31bdd375d7ec6ef7d0baa19e61ebe1cbf71cee5dbbef7affd6c8fa91a1d180d10763616382079c07d30f131ebe7994fe68f1f1ce27e827054f459f963f937d56ffabe6af6d0213c1857187f181e77ecf1f4fb0275efd96f2dbe7c9bc17e417e5530a534dd386d3e7679c66eebedcf072f255d2abc5d9fcdfc57eaf79adf1fae73f6cfe18980b9e9b7cc37fb3f467d15ba9b727de19bdeb9df79e7ff63ef1fde242c107a90f273fb23ef67f0afa34b598f119fbb9e28be697eeafee5f9f2c252e2d095d40e802421710ba80d005842e207401a10b085d40e802421710ba80d005842e207481ff631758fd8fb31cc8cae5d81800fe390078dc06a0b20a00b528002861a9dcccd49555de16267b4b52163f363a26750d332d85cb8ce273b9095980f0370e7f0a1db5bfc5cb000000206348524d00007a26000080840000fa00000080e8000075300000ea6000003a98000017709cba513c00000006624b474400ff00ff00ffa0bda7930000000774494d4507e7070d0a142701ec62bf00000ddb7a5458745261772070726f66696c65207479706520696363000068dec59b699224290e85ffeb147304f6e53820c06cee7f81f988acacaec6aacdbd992da2a88874774008e9493c53c83f55e51fbc52754e0c2fdb4d4b9a7c1ad91be7f72593469a3964175dc8c139134bacb13963f208dc2eb441537abbfdb8249b7cf6d984117d4831981faf9f03bf782d66dd12d9ef0bc3bbf17706f8f5257ff3794d612f3a7d496eed8f15a426dc88d9a72f096cf95e58f97408df1d66f9be9e339a33f9ebba8b3f9eb74150e7478d5f377e74e446fad3f55c7e5ecfbf5e2ffaeb40819df992c87ddd674f940e7f5c6f4d7f5effe579eb7af9be2ea8b66497c6e746d31f12b9c05e9aecbe9660dbf7d29cfd932a7ebeac91ef5d7226e514516364589b793c05f75fdcb5ffdc40bf5f9a8992fd9713fccf25fab707faab257dafe8ffa7eceb817ee2d02fafe5fd36e06fd4b036d522bf7b30adfab1685fe6fc5cf0f5b703ba50c7d7c8c57f24eaa9cfdf0ee8dac7bd7bae5f539731711d6c3fa73f3d18fe58daeeb03d766d4fa6d58d1de683bb0e3f73cc8c17191cd0f8fee969027d027d027d6260a048a748a7bdb5a96cb406983738d329e3f5055d1424280cb025ab0c5019a0324063c4c6c53619a8bb2d3c8d4e6a3708d2fa17b60f3a0dbe6f554dbecffe111a94a675d4bddf9936049d7b5aa52d00266e90319665585f689395722da8b1916b486f19c3263a27ee65ee21b5ddcab6886c2b0f21ae6dcc80a8b6f3d9f94442ab7c0e3e079f93cfc9e7e2f9d58c33842f42920321f96f18e7126da1dbc29e5a5a078f038d7bccee32d7321d0bd7ca34aef21c5bec404ed7e9ab9681d08743176e6f123a702b9aed51de74e359877796368c67120fc47a76c983d93e718f4df17962704d30362e30ba6f5ce83ca0d9f8410706f6538d5f95dd4e26a0cb8d36814103261042c102a201944dc848141831100d023a0a8d9b881ac0eec060019d6c33096b6269c344ab26b219d1374c07738fc544961e73166c3f614ab446ebd144a5b1d4c87647b6f9f36689c965b323424292c4eea5d480f98ee9a94995ed4f6d11e8b71d5a93a6c7d12296c11b93c8cc9e71d08c583961314495ccc4b9720f45e7cef5e14c9e514c5e85b8d431e0650af6534232056516eca414fe46dad2f8bbf3379dcacca6608c15dbadd85d6599352c3195e85af1ca5a1696cf77145e95ef2cadd2a1596b1acb6a48d63089c6921a6ed33081c6063554d1868a696b6f346f92a00e5ef46881033e71bbcec3bd6fefe113c5777650c9879490ac988246358a756bc1d7b465a3dbcdb05c65d0b1df18e8cea7064b1ce8656084038b1fcafdc177d431318789f14d768fec44cccccbccdaf1c764263a9880190b338bf52fac7c810c0bab5ee86a756f16cb5e737b375a22286354ec9215b602992bced5b931f2ee6971e4cf3f1b16383aac2d6a6d435b5a2d290e8bcb16b7b22e444b0663711db1ae79eb94363dc2d21c8d59083d0000ad61d31a018208e4251b70bc102a094eb3a1741bda001ca63029e8609d2585b431261b73012dba8d7d5856b5bdcd26664f744e496d2acba64e5a32b8b69acd40430e2c8d1cc4e6526d6ed3625c36af6c0b3882a3dbc2bd529a2d6d81d77ca7e3077158524ddd56565a3ba63b86583ccc36d76c43352d67e068922745722265b860bbefb6b3ccce801d49fa68762310266035f299bbd5e6c5aaaa55143c40ad811b8fbc31ac5ab6da0e069b36d98974139dcc1aecc4a0e6ac76b11bcb4fbb12df2bca5e7dd9359bfb60291b80e339cc1cab0334c03ab60a002cac99e91bcad4e9e8e49ccbcec5e85ce16b5be2dc18049de6002e0758395f83f3ea9c5f1b2c970b619025a80badbb30daf62e177936265a250555dacae28007f7c9f7762ad969b3b0c1b4505dce781903e4a144b7e18a5fae6042a521c8080e3071954151bcb85a8723f2e23d48488ed298a9d50e1c2f40c4b9ee13b05c5de7392cc26d68535f9da6e9940175643053c50df43272728399c7c42eb19a19d42118109e1d2ee3582050dedcaad62d96b216c0e523e085f335bc7774c11130e58079a322dbf95cce6fd95cf2ded50eee07cf939e238ff79944a417efd9b280ac245f3ed4e9c328e2317e1f01e85848bed4f9b886df07a694d17d9b3ecd4ab0083eefa051d56772e962832f049b52d4172d3b5991cf265566aa9d952ff08e615a0e9e9512589667c19e748500d37c9f850dcd5e914459924e322536186f118fa17a20c64f22d264d649440249d81feb57a261196b3a22a3c767c386c800f6a059ac33e1d11c17b050411e4215b2bb1ed128a2e0eec8cf74842ec26120d50ca5053c7c8306a18cc308981cc7e4e4c35923714c685d425a8436b49473c7ee087144ac127ac08f43011e719650133a6d3590c9b02d393426421002bb868ebe7b6d123a62e380815d0dda5bc0a4028f8551d98ca1619204cc3403a6f0152b0331837b6bec380f60671b017601eac10a62217810f1cc88114497f16b501d588b6c2381b54514164360d4b2d8e48e979518330b55bcc52c8989d09a5a8d69911c861033ae44148f05132c79c4a23d5640a6a60adeed889763a3576bb41563476bbd4689e4a1513d0d14d391e240dc914b1c5a23c81467d238fb88403e11dc460200a91642442c8bd18806e0efe2b8dec0d11513b92e1ec80991080e66278c2b79424bd89b5e39ddce8af53053c5c7674e89efb860c2c913615d52ae18310fe1d989f09ccad45419a8d696eada965258f92245c8a987957ae3732de4cc491b477e82fb489c2047af095fe5ecd8d354ac018d2f328505a6938e11e8c95b267b83bddb1a332902fb8b3737042183f42802ff134c347c1dc0956d026dc8dc33cad9ebca09644f8b233a4950ee9ef8429c4833179eadaee55ac81a26a815926476962c2764003e771c0960cd5a683ba8041a1167e7af13049cdc071c4860425e1c16e8462651764a21852055ac0e40c4007520f00ac513dcf0d212ec28987a091367a7536c9dec686bd7a1985cf69a725d8511a5148e364567a98076ad08bb66c12f4bd35608f5051596beb4701a6745ad0c906bd065ac55e6676f66593e495995c499e48d748d7483d842f6695ba9840f40bb5542f976960a968038e45405a7c34f625c356afdb821db2b9514aaa2cd8a226a095a4b47308c8aecaed6a51841a96d60d4607d6fab1205abf288ae5c07164610aac43da9b34dcc65b0d25ed722c74ba4b783b01a32a13501efb49a1a008de3d3889401a7c2cb71c0d262632edb84097bc36830b3d990aa150249d1d000581ea92433da1a419f88d23a6ed66725a26b5332c111c84588e5d30d6993b0bf0d1889fa3ee4e193645dad9386743bc83b02115f417a8feedb6485f869c593adefb134d233e4ce553ac086d5958e34f836fe3d38ce10562b9d41e9de7a64a4c9976d66b66bed3be1e983d4960500e340da5ad249eb701db24a524933c92852267300e3e35237880800891f9c0548fb815b8da1b3b2b2a92d25ac29ae4142b2846032b47455e20793553294a22843410bed3d2923290b5102968267048ea48002796bd685fc1c6686e94d06791d8b210df56b705c1ac0fd20dea0c78a1c005198230eb415e3480314673cd4304a222c4e6c33910f2f2b7bbb465b1de593fd720ad1d206a789c11344701d643c63911dacc6c98670693a9703c71d25bf8944b1d111d2cb04bc26616486a5b821386f3893832ce0c5c4000889a4015dc9b130fdc17e82a96d029a804b47df20eb24ef9539aa922694c9c6ce45e85b4a221d394fccb82cf9825d8b5c0695d8ba80a4150820841dd01aec1d73a534565a5dc0304c88870a5647ae830fe405b2ac4626df735e6c278e5250605d031f99a1af39148cc46df9ff07a12027a3704b28c8c928dc120a72320ab784829c8cc22da12027a3704b28c8c928dc120a72320ab784829c8cc22da12027a3704b28c8c928dc120a72320ab784829c8cc22da12027a3704b28c8c928dc120a72320ab784829c8cc22da12027a3704b28c8c928dc120a72320ab784829c8cc22da12027a3704b28c8c928dc120a72320ab784829c8cc22da12027a3704b28c8c928dc120a72320ab784829c8cc22da12027a3704b28c8c928dc120a72320ab784829c8cc22da12027a3704b28c8c928dc120a72320ab784829c8cc22da12027a3704b28c8c928dc120a72320ab784829c8cc22da12027a3704b28c8c928dc120a72320ab784829c8cc22da12027a3704b28c8c928dc120a72320ab784829c8cc22da12027a3704b28c8c928dc120a72320ab784829c8cc22da12027a3704b28c8c928dc120a72320ab784829c8cc22da12027a3704b28c8c928dc120af254a2f0965090a71285b784823c9528bc2514e4a944e12da1204f250a6f0905792a51784b28c85389c25b42419e4a14de120af254a2f0965090a71285b784823c9528bc2514e4a944e12da1204f250a6f0905792a51784b28c85389c25b42419e4a14de120af254a2f0965090a71285b784823c9528bc2514e4a944e12da1204f250a6f0905792a51784b28c85389c25b42419e4a14de120af254a2f0965090a71285b784823c9528bc2514e4a944e12da1204f250a6f0905792a51784b28c85389c25b42419e4a14de120af254a2f0965090a71285b784823c9528bc2514e4a944e12da1204f250a6f0905792a51784b28c85389c25b42419e4a14de120af254a2f0965090a71285b784823c9528bc2514e4a944e12da1204f250a6f0905792a51784b28c85389c25b42419e4a14de120af254a2f0965090a71285b784823c9528bc2514e4a944e12da1204f250a6f0905792a51784b28c85389c25b42419e4a14de120af2d7250a7ffc8ce8c7ebe78f4e38bee40fab004a7d7806d5f12965c0013fbf5c02a8bf9808cc66ff60083cf9e3d763002cf9a30766398d31454d98690e1835b69ebd10f138ebedec8eb77e7e86d1e45f46fabadf5c141095000000016f724e5401cfa2779a000023834944415478dab57c699324c775d87b2f8f3afa989e7befd95d607781c52910264c4aa414521861fa833f386c4b3fc45f1df66f70d811b61c3629d9b219126885231c0e893625eb3043a4048014456271ef3d3b474fdf7566e6f387ecaeaeeee95901125c31d1935d9d5595ef3eb3f0e6adeb88808800d3cffa6069bc78727a09a1aca62d4c46371b312222f2740eb1b55609692d0b52c658218431469198cd2787004cfe8b037b7a0dcccccef801f1c2730bb6ccbc62cd44e017edbf3200803c03b6330f664644ffb974c9d285a72620004f514654941611c15a2925226aadadb5d57c62007000040040547f7af54944d3af3805a6fac93f7a2516eac00380449c2febe9b8f0cf9b9dc1f90173e01760069ab100ce588000a0c8f3300c05b1102acb3276d619ab7588286ad74ec1a9dfb342fd94ec343fff74e0a7f85a8508096773fb698ccc1e8ff503cec03233032312cf809f22482869ad2d4b4b64898410c2f89b1361054335e0d34fafd636ffcd217829a8835d7d5d66ccda3da7f45f41bd536366f6c0d71fcccc842b313b9f50ddc963215401336b1d5a6b8510d6ba40e96a1a333033fa75ce462b5992d9d5d1c108cc4c3529abb875aed74e914aa2571e5ce33a3a4b8cb1ae2067c4a725ad399fcf0ce01000c011122220103020a2314608b0a6602b9d732a0c9999a6284640b4c8cc785a7eeb5461bf6cc7f505300232cef0bea8cedd0a46fd1cf25fe7e1e9000420205544987f02007a058e1680011c0002223059534cc6136b2d220ac066b31905ca39571405002311bbd9a3fd1dc89c662a8f0000605aadfc3ee3213ffb54986a1daa283f45f399fa9f67f860000610cc8ce846a351a3d1d85adf90523e7af4c81863ad0d82a0c8536462748088200080090188c8d5c1abb4a0d7c7fe408645d5b08091a7c13f25a4374bfe1ccdae6442409eb13ab39bcb9e37d04444d2da9208bdf19e692f314513b84005126ceff848829304b62c1aa8b6d63bba2c8b2489011f3f7a80c97ab8b17ef35c1b10c759f9e8f0846433636500552085296618f51fe88584ad9bb11bb267095e8019b9aea9e6c33a9bc8254bbe4cf0ba3b3365fbe5c94404e8bca69acd61669652b26353940e8cb586103c065badc646a76d4a7770b0cfcc9d66a3cc27c0ed582b0600c2cd8dce28056b1118acb5f2143d97f4fc6761db45c69cdf7089ffdd9c0160aa082b69a7b97f06752c20224c19128910d1b325b03365599a2c01531669260321031d043ad0224fc6adf6dacec65a5996dc8c0e0f0f94c4a6163a0c0c8920b28f8ec6e5b860a6dc19142b9c3f44044115e9e762004015b433d55809ce69acc9b9e8a2f39e8c9b8155a18a97249c09a9faca48c08c8838d30c08002820080202ce27d6159935054b25403702dd8883f5f5f668349cf44f3637379d33f78727d26db70219c6812581c23996a51d8cf3d25a6fd266600332f3949571260f0e561f5843d619ba40d294c20c807ccaf2310256668fa9d214755bc0608988e6d74e75645916699ae6e9046c290904213b5366a96ce8c9e024198db6d75a572eee586b27fd63e2b21928444b448d40c517368769393eec6ac15e8f7a14cf60f0f0547a7146dc9a770c338a3f5d703cfd9d076aae2110a628f1cc3d5592cbc6bff2312a74d427944591e7a973a611280da219e9804810740ff7a3b071fddab5e76edc8ca20000369ae1f7bfffa7cee44118478d40a374326cc59ab88c75909912a6d68466c0737d3d80e0ddb23a7875bd56779c97e95ff17bb574075c078311674a76c1a35af285e6ba60764c26932c49d9582b302db250f0da5abbd58c2fececbdf0dc0be7cf9d534206810ac3b0dd0c9f3c7af078ffe1deb5ab71b806564e4c76e1dcd6c1d1f138cb6a602cc623337b55911f6b425e19c56acdce2d40eacf8bdd9d8d1aa873e2030091e059d08288c40291bc9f5e119f994960e58acedd428651ffc49822502a0e343ab3dde9dcbc71fdf6ad5b5f7af5e5380cc1390120109d2bdbcd66a7bdf6831ffcdff58d4e10c74959e685bb70f9da71af7f70700052cf904b50d3445c59b4d9ff253d89a7a0ad6b31ff29767677080880809180080492201488c2cd904dece5cf21b28f670019909100bdfb85c80c4802108db551180d0683acc8421201504705d7ce9fbf71f1d2f317f66eec5c7450463a24cb81129228d44a4bb1b5bdfe68ffe1fec1810e22446cb69b9364bcb6d67af8e881b39a90100520b277f61051a0408180335dc053f9f526ba7245712a1dd3a00a676e99b7595ea2dc29f3bf484cafdba98ebf25819ff32491200200020ca53245194a55e6f98573e7ae5fbfbeb5b515862133e7490a004aca406be75c5996c3e1f095575e190e872727275aeba22892246163cfefecced993d9ab41425c945a384dd853ce282eaddf0fa6f6df21085801d514f8ca495c29ed35776abe5000c1a074301e0d773bededdddda811eb4630ca2642a3758e88baddae949224396764202f5dbab4b3b3d3eff576d2d4a0411939b6dbeb9dfb4fc6c05ee9a16524249f418299cf3a4f3379515fe5d12da56daac13c747538fd3b0dffd3f5dc9c41003c933863985d51644494e5f9cec5f31b3b5b4e61e2ca0c6c9aa65a6b70dcebf5de79e79df7dfbb53144599e583c1e0f5d75eb3a5e91e1eb9bc5448c97010a9404b395534243d732103c19c86b4b4aa196f2f0d4e33050088dd9dad2556878a3d6a0e0d33d32944d4e74fdd6929c139e75c916571a893643c998ca386d6b19e14497fd41381dee9ac39ebd8b9249d3863c7a3d11ffec1f706c37e238a2f5fbcfce4f17e7f30dcdcd8762cbadd9346dc3a1a6545563040a00340c16ca7207f869cc5826cae12d8e5fc0fafa4ffca2cca3cce270020813ea44544b696999334298ac281cd4db9df3dca1f8d09ac44f8ea33372f5db8dc8c6267ac314612c54178fbc62d7220815eb8f5dc9ffed99f1769a650054a1769d66e369224290c0ba180d9b14160443430b7ea534138dbd55b80b1e6268973bbdb157e2aca4faf11e4d51e2daac0652de88da440e79c520a014c59dad280c905409626e7ceef20b9493e564ae679d67fbc7febc6ad280842add3f1647767e797bef635025e6b3643a51b8dc6fee303639dd26114358e4fbab2b5912699b32c84728e999d4f9481cf7f2c641c01002cce381fa1faf306134f25c8662ec41911e069b0eb7c5177b0a6389c2b420ea42ad34c3008c06eb7ab85ccb2acdd6e4f92643299a0144aa9ab57af6eac75fafd7e14843b9b5b02892ceeeeecd8d264694a44e92489c3486b2d4831a3738e5012d192d25da9b316847a5143575fa7fccfce0102090206201f6003392664820584559fd5590756a04427354bedb42d1381ced92c2b0d08dad8e80448dbedcdcb3bdb6b8d18d80e4022386227b426a9a034ceca58eb4e1097529ff064efd2e587fb4f9c33693a26e1547274a113dc4b138a94cbd1da12918910019d9bf9288ed18742cc344b057897906669d425f17f4a527835239cf5936710666466e79c73ce5aeb9c0b75c0c622033bb7bdbdbdb5b1b5b9b9a95490e73900846158962500341a8dcdce9ab5b6c8536b2da0134210519ee7ce3921a5b35622118131c6b9054773e5c29ef2d36988e8acdfcef2709e8e1a66f6ab1742203b41c0d62a125b1b9b71183ac3a10ec071bbd1d44a99bcd042a649321c0c147aaf890560a0a50ec3d238c34e08654ca1940c94b6655ef3f116d6b9f2f82c2b979f11c8a71ee4638dca4c7afabbb244763e80cf939ce338cd26e3417f381c2aa5421de559769ce6682d391b68a9a0a1a28888c230544a65c309e58550b22ccb48ca20d49c4c841255ba736a6b6a4ed7829cfb39008873bfe8f4d2c5b9ddedb9234184d3720e9c46e459034462078204b2cf10d8f1a89726232d45966684184819057a7dad85e01edebf4f4483dea07772126a757e6b67efd22589f8e0febdb2c8500852ca227e72ffc171bf6701a556599a365b6b93241f67391239aff8d9a1af7fd1a96c37cdd7ec807105d435d29d86d30735fe0fa7910e103c8d4dea053922b2d65a6b0145183798f9e0f0900947a351924d1aed86631e4ec60c706ef782d6faf8f8783c1e6f6f6f97ce1963cab2b4d67a394a92719167d618e70cb01508e8dcd4dfa5855ad0926eaf73f8d3c5e1f3e5bfcf02be2a0d21a21053560241511c67493a19a7455916b60888da9d56bf7bb2b3b3d3e9748e8e8e0ef3bc489266a436db1d6aaea9202c9d4dcb329d8c08b8cc33c4b652529120a250cb49c184c8e01097ab2373e6c7393bccbcc4b3f33f9f05bca7eb0822c9681011189c33cce4ad8090da94252358868383831bd72f755ae1dd4f3f1a259377de7df7fec79fb6e3c68dbdbd2be777af5c388fc61d9c1c4a298de3341d9e9c9c24ec8ce566232a72a7b49002b5d689c97c460e001856387967e5857196ddaa34859f29a77653102ca6bd7cc0ccc0e02b52b348dbe3c2e134ed0b0016ac50d239b6ce3582d070e9a42a519c8c7a8d2876424e0ab8b7ffe4a5497675efd22d2db284d7daed8dd65aa7d96a87bab9b6314a33b0a6bdb595e679628bfda3e38707fb7bcf3c5b0e87c35e3f68b54a578e268349cee0840a82bc2c80d12131e18cf50800ac6300623733f6cc12a0ca0fe32c4f3a2f9c33ffadf8ff748e0d673539e7dcd6e6ba351c0401001c1ea61f7ef4c9859dcd408b46ab1584d1d6f6ceeee6269459d088222db3f1e8a4dbef8d87acc4fec1937667236e341f1f750b6b2e6c6eaa208ce35806f2b0374ad314050912c6ce7300b85c1a9eaff029ebc72afeffbc60c302d850093f113103b305674325836614293dea9de489fdf15ffd4c29f5ea2b2f148edb41885aca2808622db44acb6c5264fbc787b975a864d068dd7ee995613269acb50b6bc2304cf3a2c87211065212a24421b334e799f3ee81e71ae42be39f69ee7c71dadf9cfe35e2fbe24fa57e50104a8266188661e08a5c2b0cd7c3c928fbc9071f968c1bed66d82cac10a8e424193936ce98a35eaf706051ecec5eec5bd8ba78fec1fe2317e8e1709824d9f1c9a0d7eb6decc65288b230cc20035d14f3ba6805fc8a2c7885a05a6ab81a7f01fc3f97bf6989c229816120e3502a853b5b6bfd6ebb3718160e0e8e92fd831f6d6f055ffff9bf1b3f0993c9301060b2743c1c12c085f37b8dd69a95eaaf3ef8e48a83b5f5ce9d1ffef0d67337d73b1b773ef8f8c30f3fbcc66273e72229d71f4f2c1b6fbc2be0576af8baab62ddf2e2ff26f09f4e240100a20326c7689c15ce49c2d83bba4526b48a4379d237cc20436a753a49327a74789ca69358a17466ad11af77d6a22896711bc3c6fae6ce37fee13fea4f46a5cd5f7ded4bddee91052e8a82ad3d7c722083868c1b4a29b0cedaaae4392732d434fc32ff579d153cfdfba2f87fea6638eb8cb1c02509d042c7814ad334d6c1dede791de98707fdde302dac291c3b1216216eb7b6d6e246100641d06e34514783b4d86834dba44f26e9b3379ef9bdeffefe7aa7391e2783fe081107835edcef77a42692262f00c5f292702a0c4b0c0f67d8ff79fcff3746c1d2576bad3356000a21247099a75a8938d045996f6f6fde7afeb9addd9df1c41cf74e2c43a3d55481165246710c52f446e3e16402a87eebdbdfbefde22b1b5b3bec7067fbdcc9c9c9d1d1511004711c2793c9c3870f87c3a1372b4b4c0eb5dc8e3fdceca83797d53d42e2bf16ca5560134faf646662b245a942b5b5b31906cd0f3fbafbf0e1e3380ae23094025a0dad1599bc7cfdf52fdfbe7d7b381c1602ba27fdf5a819e66693025524e3fe7e921c3fce877ff0e3777ff0f147c706c72cfeeb77bea303190774ffe37b8a94b31004d1783ceef57ae3dea07b78144751a0b5921266b51d81843c1dcfdd796f9f9c239f9827f2036fadbe00ffd73917459131a6dbed1e3c787472d2db5e57456180a62b0b0371fdda15097cb47ff0e4c1614343391a9b24516bad516f8082d7cf6f91922fdf78e5f5affca2a568fbc215c3aed7ebc561f0e4e1835eaf278460c0a228ac6300314e532a4c92df6d369b8d66534a4934753a11510851670437b7792b68fdb7e27f7f64594124c1b9d170b8bfbf6f198868301c66c6a292693931367b66efa2643338388c012eb55b0d868e8a2eef5ce81f0d9a51271b978707bdefffd95fdcbdffe8b7befd6d19467ff8c77f74e7ce1d2565916485c9851620c8314a1d5aa47196e7d6f5fafdeec9c9d1d1d16030f0f11200f8e265158f558ae0ff63fc0300d65a224a92c4bab2d388a4a4c16858582bc3202bf250eb2c1d8d47e3e1e1e16bcf3f8f981741d48e1be7b7cf0dbafdbcc093c1e4e307f7fece375ebfb2f7cc3ffbfa9b3f7cf7ddfff0ad6f5e588b5cb916074a06ba286d5198cc014a05529245cb4e4a5d14663ceeea70ec009bcd260aa98528b2d4afca73b863f659a3951810bbe77696d438d463a9faf9d31d8108001005b147f383fbf7f3345b6bc64a81b345a7d30a4299e7e3200c2e5fdcbbf3de27bffcb5372f9ebb646c7ee9fceef99df3c6c06092b920a4b8fdd21b5ff9ca2fbdf95f7efb2d15377efbadb70e1e3f14b6a032b3793ab176384e4769915bce99506a269195461002a2b1c6eb362ff6411000afee87f052411e8c69bef08b803f903120a793e4d1838702b8d588b50229717dbd4d924b932b1d4c46c58debb777b62eec3f3e08d723a90324c924f76ede3e4ad273376f7ee39ffceac151f7e1e383c2f0efbcf59d58ab76ac4c3a2af3cce860ffb03b296cd05a7352e6c65a042070c622111249219839cff3344db32c6b351b9e1e9eec540105cca70a045f00ff976519467a381c5a6b63ad95165a0b419864890ea2b2e4f1240fdb9bafbcfae593a3f1783cdebc74fee4e0a8d36a7fe9ebbffcfc2baffce8d7fffd4747c7ffea377fd38dd20f3efaf82fde7d2b9f24eb5b6b82dc956bd73b0df5c33b1f660e9c921486c85894a960d25a235baff018b1b496adb5d68e46a34ebb5569c48564e92a53f705e83f00d05a0f8743ebaccf7c4a29515059e68c5018eb40a82026219f1c1c065143b71b2ed0d46cec0ffbffee37fed34b6fbcd1dcd9c546f3efff836f1c757b837e7f776b7b38180c06834feede7fefc30f8f8e7b2a9271ab9915799a6542499258987c1ab3333be77c6a580821844892c418838b35ebb3024189a7c2d88ac397fc27418a049465e94da8754080cce8a479f8f0e171b747281d9b40531cc932cf83201e9ca4ebeb3b93c41614276133db58cf0b7efb27877bd76fdcfedad7bffbbdefe626b50f3e288aecdaf5bd7ffe2fffc5279f7e82684b93ca201c17f9a8e02ccfd28436b7d6c80a678bb2c8833046905a282eddac628542a0c782b5362f5cbb1318679cb5885894a51002493a5730a19bb58af8ff9f83ffadb5b0aaf3df95aedbed2280d2b2dd88b5d64a09259adb5bbb82a8b3b611462d54c1cf7ef6b3fff1fbdfbbfde2ab28455114dffce66feced5d1461fcdacbaf7ceb5bfff1dffeeb7f13c8d67038249433bc9373253b0c824008c108d65a04c19651f8a6c37a73e3bc0ece60e1542e90d9ae04ea73c04f44556f17333be73b509d31663c1e038096b2288a5673cde4432d25917ee9a557d7d7d71f3f393aee0e2c0cb6b73619ec954be7f6f6f684b42fbef0fcb56b5707c3de27ef7f5c269911e4bd176bd839602000290408c18868acc9f392a4f49955588c7398999d6fc95dd82c82c47317e06f093fce3ae5ab070b219871381c9ac25a6374ab29d11d1d759bb12a8a7c9298f5cd9d46a375b3b3b53b9afcf0cfdf79fdb55787c3e1a3bb1f26bdc3175f7ee1c7effc6034387eeb77ffdbdd07775b9d9635da3907169c73880211acb3ec5047ca319685290b1307210011a2738e6a7ddef302e4aca2c1cc0c16d8b7078ab380fa1cfaaf1e4ef8f656adb510623c4a8828d0419224c7277d15e8719267b9cd2da00adffff8d3a8d1ba76ed9acdd349ffb01dd037befaa5ebdbadf7def9c1e0e0e18f7ef44321c192cdd8586bc182b333bfc5cb333b92c25a6b2d0ba1a4d4524a04016e45c39f574c42084ff2bafeff02e08745a1f259c42449c669629d23026bcb2850487292668f0e8e1e3d39fce0e34fdffaceef7eeb5bbf11058a38ef3dbeb7b7db1a3cb997749fb4437af1f6adedcd8d8383fdddf3e7d3d2b099da3344b4d61a63009c94c4cc65593ae7a46f047153555751a5060b218abadb3bc5d1991da220ce9ddb81b31c9e05ce072231eb2ff1fc4f45511c1f77bb278332cf4b53ec6c6d3d7ffbb9b77ff493280c7ac3f41fffea3f953a9c24c9e193fda3278f5e7eee99b7bfffc7ddc7f709f1c2a58b1b5b5b8ee47bef7ff4f6bb7fa964a454485620a26f1fb6d6586b4800094484a2289851ebc098793c1ba8a012c63a215bed461485d6963ee69b0908ac74003e87fc1b63482cf052599693c9c414850a0393a516f8bd3b7700a0dbef5fd9bb74eec2c5b5b5f6ddbb9f0836379fbdbed10e7ee12b5fb26922e2a8b426445424bfff27df17ac86c7e3b8d976cefa0e5f8f62a9c81897e7a9948de91929b324592255c5c54badae752a32b3632b56253ba82ed24b698305160210127cc5da5a4b28f33cf7ce8694aecc131474dceb1f0f461c68bdb67ef9e673ac631d357a27c7d72eeffce2577eeeea85ad8b9b9d56205371de065776af7ee53f7ffb0f8c6b341aeb61188273042890c8b718a22bcb5208dcdddd35c68c8663a54459966c2d38176a1d0501546d9fb8d0de8d60102c2100586683e8101d80f53b66709e00fb3cf4f737f76a0900bc341e1d1de5793e4dad10d9b20ce2d85afbe69b6fe679fee8d1a3976fdffab55ffbb56be7b78c2d46e32433dc1d8c775e3ef7e5377ee1dbbff3df1f3dd92729b3228d1ab131aeeaaf63a822b659a2669a623fb3e763a5929a63041171b509a025204fc13c57b05e39552aca39777c7c6c8d21a9a40e7c809417f90b2fbdf8fa97dfd8d8da0e75a0b5be78e9cadeb5670a87c3b49451ebd233b75e7be3ab1fdf7ff0bfffe80fd3ac70804a05ccc8ce77cf894530845f21d154e72d65f5ce26d552e68fea1aed69f9ffd3a902aef50f0b316dc5535af58e8f92240144678c63567164ad69b5dbbff22b7f0f00b4d6f7eedd0b82a0b3d149f2b2b0d49d945163fd8d9fffb9a2ddfaf56f7ef3e1938346b3696c21b52c0b2b50027873850cce9b312f6bbea66c8ca9f72f3f050b559ff30c667aca64fa2c775cb86096693a3c3cf421c7ceb973208410029cfbea577fe1f9e79f6f341a376edc6846f1837b0f2d830a1ac3b454cd8d0bcfdc2e44fcbd3ffae3777ffc1312526a85444551cceb08de683bace0f796cfd7d47d54f3f4626c85b22afe9941b7622622aedeff73fa4cbdbb82990783c16030f0371d8fc7e05c369e5cb8b4f7e69b6f2aa5d23445c4b5b5b5f178dc3de98f94e84d7219b5386c7513fbddfff53da0e92e5098ed2033ced2344fe900915008c1552bd12c98850aa4a7d37fa63b042202b8690174a154bf48ffd335a325e0a156600280c3c3439f456566674c18c7c0f8eaabafee6eef2821431d34a278677b3bcb32663c3a3e198cd3b0b58ebaf97bffe74fde7fef8ed61a118c31a52b85103e71be5c9f9aedafab727b0020a5f4fd454fe58225e1f73c235696c06825a82b8f2aa94244bd5e2f8e633f3fcb3270aed168ee5dba6c8c09c3d0a7009e7df63a00341a0d1584adb54e92968727831fbcfda3870f1fb65a2d6428cb1c11cb32976ad980d75537d432f615f07fad149cbe4fbd34b040ffea875901972b38fd633c891804921452bffdf68f81c4683499ee9a15ca329ebf74316cc42727fd34cd4315964941205e7ef195a3a36e3ac9c02130dff9c94f3ffcd99df6d6566f342cb87408c638cb22cd4bc3c6586bac75d34e7e0b38cdd82b15f89e18a554692d235a66e39c8f7301c0877644400448d63108a98c75888448524a446030d50600a8ed1a58e67f5e55d2af6c3e223e78f04048698c01661282670d3f4551f4fb7de79cefed8fe3f8d34f3f7ef0e05ea3d1d05a3be746a3d1471f7fe0d8acf4b800c0770d4d7f72084c4fb176f51ace296ad39229ad03bcc4e9abe31f0f79ddd4fb419665dd6e572935651e22228a741048658c393c3cccb2acd7ebe5791e4551108577efdfbb7bf7136b6da7d3c9b2ec67efbd37180e4fab95597c211185ff9b6a9659385827c967b1ff30dbbfca6e6147d4925030f30afdef7ff654ad4e0a21f2c21c1d1d7953ec45c31823844044a5545114dd6e77341a1552492995909d4e476bddeff7cbd25a6b8fbbdd344d8320a88b1bcf5ee000b0b06fdbc7359effad997be5382bf2e06c3b489d23fc3f6664c61aa8d37dd74b3bbdfc2197d056274bf5541f78f67abd5eaf8788c6941e23fe09593ad14134198efafd7e9224b2d11c0e87d63a41bcb5b55514466b7d747c3c1c0e87c3b18f38ea2ba82a36d69a8a1da4945292cf67166556a1ccad867fa1125d49d6e94d81a77947c2a279f3725eef1072ce69adc7e3f1d1d1917742a554a62c99d9a703adb3ec4c9ae67992a669da08a3e17034180c77b637068341f7b897e5e5789c18e346a39110021d03809d59a92a154920a6449e125f9d36d7b0e495afdeea62d9bf02653ad50220835de903ad7eff495de63d430e87c33ccfb5d6ec80d474a3afb70be44baecc59968dfa03624024e79c2dcbad2d9be65969ad730e00ad75599647915ef950426006e71880ad65f40dde2cea26708943a1be3576d6e73747193aff9688bae7b6f4d015fc5f07bbba663c1e7b8d20e454fe616611acb36010c0a569daebf58aa26cb7db4a2921e46492f47afd4ea713c7f1643241108196cc8699a7bb2c69da6f6b81c9dab9b926b68ed1caba8eac5050fbf4725e5fbf7fd7825b94763ea3fc0b924ff9769508c1ac84381a8df23cf7c57244cf600e00081d00b41518678246a40425e3499abba0b9a9c3363be558491d37da1b992d5d18e5a1b2d686ec7768386260c796fd8e53b2ced6563235870010869a687a3e0a82ca1dceb372e60b09ae0abe2009410a32e81c3b4420e259fb8b3bdd04bdc2fed521af3802a61b07a7789d295b4220c35832244559387ef8e4b0d95abb7cf9f2f6f6ae9424047a1d86c8c614b6c8b496c8400034eb2c16ec040339bbf4f4ba3ef31941009f089b7ac4358e704b01ff92ab0b671fabfd5fe6799ebfe6023942ae7aa1a7d2813031cc3204158fd3e2e0f0d82178cb278804d25ab3116899a513ad6510e922194e3731b37fd78b05b6e80dfda965cc5739ebd8f0694f9eed32a8a3e029d02e2ad1c53baf40c9cced5d4a184cf333c480aeb6fd4eb00c8ac2a6495aa47914ea61ef6432ea9333ad48870a09ac96d80843812e4fc64a2b2fe50ed8550e2c3aa4b9dc325bffc96c9d9bfa8b300becfd57630c2e3bb40ed8229c99eaad23642effa77f3cedff028010c238336d3d0774f32d350cd621a194b22c8a61f7e0d3f7edad2be7373636b6d7d6f22c6bb49bb1a274d88d14ad37e3c178e45f8944ec7c018ba79b3b17d2b3751fa12c4b4f76634c10043ee950962529b172d99fed986fd85a017f1505552dfd711c3b98b7001032829bbee085cb806c4bd3f50b5b812b293d191fde9b1c7c72f7fd9f7291046c927e5738b3bbde69840acb829c4536c0ced730807069fb595d86abaa6645867a6263958330554f4b81e32aec9cd1ffe8118cb53e71226ab55abdc9c8327b9cfb4d55161c006cb6025b1ae5922fdd7ed53e7b5180dd8aa1256d6acae3fdfb8accd6b9f3d299a656ad20380450e0a0f6ba1a67a94aca2ea1a03a66697c2acb69bea09e02980ddce2d7531ce1ab200bb8e6d5f02ba5aa58b0a2bf651430d734fecd23c8209d79f6fa15b4666b2d6ec71bcd405a93db226b6f5e1a8e933c9b8c873d70260e8350aa804830203b0060249ebeb4001c12d45a9770b199d3071d425096657e07b9d67a11bca7e9bfa71c78fb859bb0e05140956cf17e75852f16e2ce4f7e6a4aaba530c60a86cd46b0bdb6fefa8b7beb6b1d2d294f138110282da594526ad520014a2929a5520211c7e3f1c949f7cea77726a3249f987162bae3b49b5b1304a5926ce7fc5cb782c659441448ceb9380ccbb2544a81630a0482404401622a928888bcbed1be7af5ea643261b6de644c8d28cfc2ca5af4fdf9eabfcf3cf3cc471f7e48446cad94f0ecb3cf6a0049a22c4bc1424b893cdd6e40886072ad824012b3b579a1b5de6837d71ad1b9f31bc814eb9645fdb83bfa9dfff9dd0f0ef68bd2ea30ac3fab1a907fd152f592a6992d1c8d46818e1a51247d56da19ef05d762245995fdf18cfe9715f0d71ce185567f70aedd6e5fba70f1e4a46bcb726fef72b3d90c10a594262f0ca8582be0a9ad22227496ad01038448449a58125be74ab652c84829a96319b481ad16b2d15a4b8abc9ea5aa5010cdd20dd59e7f6b2d01b6db6d939bd1684428a330d45a22a2730617fa026a7b04e0f3c07f5a613ae74a539c3bb73b1a0d39b057af5e9d744f2808b4880b93b3b1a0950f870420baa9d016e094523e58ceb32c4d53dd908a204b27363529a8c964628c29b314c542f1e3b43ce22c4367ad05425b9400a8944210d6da3cb74484c852aae94bf4a688988bf367857fa52df542080092a844f6a265a5f459a0a98bcacebf47c239675110912365195d69fd5d49a8c964a85404a600c1e3b200421906d94c14971e8d88ce18a879655a6baf0246a381104a2925a75dbc9eedd9a758b8f6f297a7648dfe1fe8fa5ffa97f704c80000002574455874646174653a63726561746500323032332d30372d31335431303a32303a30332b30303a3030253f7d620000002574455874646174653a6d6f6469667900323032332d30372d31335431303a32303a30332b30303a30305462c5de0000002874455874646174653a74696d657374616d7000323032332d30372d31335431303a32303a33392b30303a30302988bcac00000026744558746963633a636f70797269676874006e6f20636f707972696768742c2075736520667265656c79594c0ef800000014744558746963633a6465736372697074696f6e0073524742ba90730700000020744558746963633a6d616e756661637475726572006c636d732067656e65726174656420cd46bc830000000e744558746963633a6d6f64656c00735247425b6049430000000049454e44ae426082, 'image/png', 'hungary', '36', '301231234', 'Szeged', '-', '-', 'odry.csilla@keri.mako.hu', '$2y$10$pPFhwlMZzQ7vX1KfMHivvOyMpZfNU.0AE6Z0/vw6QCOwWSa3aZ/BO', '2023-07-13 12:00:56', NULL, '2023-07-13 14:02:11', 0, 1, '');
INSERT INTO `user` (`id`, `type`, `prefix_name`, `first_name`, `middle_name`, `last_name`, `suffix_name`, `nick_name`, `born`, `gender`, `img`, `img_type`, `country`, `country_code`, `phone`, `city`, `postcode`, `address`, `email`, `password`, `created`, `modified`, `last_login`, `wrong_attempts`, `valid`, `verification_code`) VALUES
(18, 'N', 'dsdsds', 'sddsds', 'dssdsd', 'dssdsd', 'dssdsd', 'sddssd', '2005-10-06', 'M', 0x5249464612920000574542505650382006920000709e029d012a3402c0023ec158a34e27a52b2f2698fb71e01809676e28f3eb7bb53e257f101a886248f5bd8f7712857c354be5f43b6f8a3e7cff8be32ff3bfb01e5dbd74e7c7eefa39bd013fedfa35fd83d187a4c3ede51a3fe5cf982f209ffff7ffb67a3ce67cd7fc0ef9ff48f7defea7da53f90cabfc0ffb1e68ff62fe619f7ff93c2dfdbbfd6f41dfdbffddf86fef38e9bc5fff95e795fb3e7fff03ff03d80bccdffd1e339ea3ec13fa97d61bfe2ffffe7bff6cff97ec3bf9f9d983d2cff748b757f0afe73cd18e4caa35ee60f9d5c407760f912f3165cb0529e7397c5451230f65db19c9562bec30d1bb88db17420084e8cf7b2e3643a232d7a8cd075817e8cc6c19d117d77bec7369d7e3da90744c826645f20a21aff1634d9017d102f8b15ba7f8d42f10fd750201e7906b67af3917716fceab6f064d1af3bf570095563276600d15318e947c513036851d2027b42f9dcc79e2f91946349c149713ac7fe2d776027d7622d8140ba579416b2acc49f90af796e7d3868d62988e4ca674533d515766abf559943c37439b9c257d52c69ee2fd998d8bf6ea62f5b0d86ff83782a0d5d228267934cb27772c406386098ad80edf0d5e99635d007eda9071b24f71e32a8e5d2e3ccb4645af1ceaa694527e164b4d0ea10ee023eb2d7b38c7d013b6670ca0aa2a7ecaebb83fa911d9e874f2bd278198d9609bd69b5382840eb05ff6cc2266b99ea9145911c074bc567aa53cdf11a6bf3e2c81f64cc0db8001970f02373c08963f632c95fa21074d15124c91d57c7c96346c1de2213c4be020010964eef79105e91d38457e0679b135a0a8cf6811618fbead4ab70a51c8ff095f78e9dd75c93d4b4e234983e19576c4ba8b9138375829727769b0f3db7978b2fe1b01feb96dca0ea43e1b2d32378ecf12201b6cf61723bf8f14d35828f559b34278e8a113fd7d49afa5579f57b07899de27f426c8f686e8c1b98f7aa1631c1f7bc008001990fde5ec0f0a3692c3acf42eeafe073c1e1a0b06925b582d758986d1ebd74f43a7b2764f7ac47eec6a2bf6c3a9678b8c949d050092537e5f75c67c5cafcc2fd2656e3afbdf13e87c4a15cf2bfe37b1f40ae80d119bd021340d7f565ec9acb263491fda231486d2d6e66d7591416dc6ae6f4bcb6e3f792d2e8525079cb971947a41720afcb0767838d09f60a5198e893098ead0485261eed1ff2080e3c1c1de0785fa4aef48cf703c2268389467daf7cff6e3898fa869cd4360ceec119b142be2c015083d7a126e377a74aade33e6f028b6b87eebf9aa0ed12a1b85d313143bf64dbda416377a02a63ab519c0db5594f6cbe6666ece80c7c9c5cf3e1dcb156f7b4a27aa3bd06b9f704d2da23136c943c3d1774e86969eca41ea02dab757f0b964907340f6aef2583f541aa852a01e023b39f8c493d6cf20f2d24627e0284a9cd8d3f3eb9f90fef263662d5d3d73ea44be418290fee8a00efe5680c74635f7289c437b43b724dbe850d910f37d8ad9b11dda209046a8bcecf888a8beaf4e0f0551869ecbe1f31369d7e423a299f8faf49c6a1c47613711e9aafd5165fe71874aa2fe5ad92366f6e65b881632e51212a4abdb9a9d9ddda5e55f0609139c42069d66cb7cd6b4e3e3e7834ee2eaa35e995cb953403442994af2d5dac7e074917890d1d314ab605c2627fdf1e119f3c2401f89a3ca9f4fa3e8382840214641fcf20ef90493ab7b34b936f55127d06585fdea92476fe50c6d83c47a77f9a94ac63e689ff062cf40d74809bd654bcf66c7a877e271db2c92fef30dca117eff33b99f7854011746377783c4775ad2c119eb166f087db3ccd8510d6afcaed77273e951af0436b378276ebb1842d06c69093fb3856d39e2a27c40d39f2101a41ca0fb77fcdc541d4440b1561c29b4f8781af1540274a3ca054d35ff425ce82ed088e25165cbe05caefe1661e1607380a70a70349086e1504ae9ff176687504734e6cf72fbf58150dd98c356e50fa0a54584ca88d845f0b32611cf00897e5df7d606bc5be7579c6922c955d5ae11df0a1982c9b6fa2089ff1e9863f60881dbe8fa427176637d5c7a1d8a61211136aad5a21435b3804a4ecefc780d17265a67bdf139d74e1d30345df7179acb0ecf6b47007d23e009d1dbb5e4417a649444e32e00c748d352e3d240b6a6323b1cc53914502c2af3115ac4455dcdf544e8308b28ccb691cf88c90e9edde0e97f2faafdd24d2fcc59c6fed82ae19c287524623f97d7a94319259246671f4c7b35b72576dfb77930e3f6e74862b48db43cff285312df49f1de12782af84ffc40cf0884ea60eeb6fbcb17dfc148317b12d8ae46011bc9ed3c58fe51ee241e768879c1e21791ee142993d953ecacf90688386b67df2dfa1a4eab10d518324b7a6410303ddaacc6bceec4b4e7385a4ca3d9b688fa9ad3fcbe090ab109369242149564c637fad5bd01f112d6bf64564e63eee8c307e10df0097d3e6c4152adf7691e4a2c686df8bb963eaf5eeafa0818650eae0cc3021eeca68c2eca806696f709b021c4791edd3eca49e364e8f5ebae246a0cd249ef3b0984db463aa13111dbf5de2dd15f32940936fe3791e33ed20f2f2f4818c974b8bdb9d5f78ded0b4e7ae3cf2a8a4c810ac6687432edd8dfd9d7878ef8fe0fffd1e40dec5fbee27af381c10f9aaaa46d95094babded51f631a99bd4eee139380e8f8c483ff351bcb575e13270fc82cd9b65e3f8bb5491a6772cddeb58fe4987c0521d4c7a3c39f5c2710de530a995e39eee7d39be491e3a2365024279a5937d0812dc2f94842a307916885266cd6ccb8e9b2a2d70fcdc1bdedb3b11b3c75138e50b181b148e204f1fe2b7d0089b162a61ad9f981b5eb89eab7536d4ffbfaf10671036979fdf2b4f85d12688ef4cf81d3e2a5f7a5a087d7597a0259b196273c611f0abb2aedd5ec6c6130d46084dd5557d4643f4500d27b1c108b587f8ff5a422093d8d989db27325079f7d3eafa5244743ff7746d3dbf5f76cb6dc9caf550a70d82eeb88b1a9ae1d005045fbd8b31931061dee03b7e412b7fa0c369f3761a694bdd680a66e248ac8a84c54b045e8d6068c88037102d70722a299ca11f7deea51e87edbbc4130633aa0bc87e8a421649daef70e219b93983021aa6e32ded2cc0cc5f3ea184795a12179c7bed66fcd4d2fee86b05ab8e899898e11fefcbed328ded618f91f7a8e50279ea078dbf6168e7990fe0c7d9bd0b5335daac3bf391fae566852945aff5cdb93e1ad14f64e18a31d1e398666c95e70a01ae3c61d825c7aa99573111ea1ece3f6ddc2b8e808e70d3aafcff803566c617eaa8897e051584902cc45deda01a8259db9e5ebf55f6ef5399c0cc75440df7780c378668441d8988fade49d979b3c66586a6f629ec986aa10b5eaa594328e3abba0006f96f36332b91b8c3b8bb63799c8a266c925ec604091e23bd1ed27bc5ca361d7da25ca1098d4a9648bf605fdf0a89589c7626199afe2e3d2b7c24700ec0907508f79b4b464c261268324ba576f3ed14ab8bbbf0c913c46bf083d813fe95b6f56eb5411c4e678437f3ea8b9d22c0567ca79e55001bb172a0018efae7058fb3ef927e9686c2351c589bdaffa33b0152e5fd37dcf87142a007d1ff70cbf1cc21e3f71c9b5d37235b2bcb4206e4735351bffc655779a9bca5b467b86cf4e8087b15a855ca97b073ec7d7e7086629474e668bcc179de293ef0db39daca04c9c7f3b83bdf54b0e04e77883adf63e4a23aadc492bafe4f5eed019d94a9e5ed4e15a4002739ad602e81b875a1d1ace31ddab2ec4f54c29081e5493ce13eae315bfa681b41fe970756d8b350a2e80f931b4927ad2bb72b1ea5ca6fc5a372c28d2b556638a71fb927f46b9776d0eaf5ec8f86303a3caaf11a205f1879bd7e2970b62d0a65404a9190f1ad9455c472562d7794eb1c45746a64ac2db80b96e32fb8676c2b04a8af6048e6319bebaa3836758a113d8982200029486a9523633b71b2d9604920a8e55a61f696465d7b05e5b9ea265909b761d9d85da636107134cc573218eebf65af2eccaeb95a4d7d11c0feb76f8520b31cbe2ee85231aa95f4df3452fb3dbffe5143c4ffaee74bb8c752810184111600402c2e4d03f363f203196ea6ce19310198bc8e3361b7bd7b4ef52ffb7fabaf30b602ecf744f254feb7127cefea2658e52fe64464a158fc9a2b5a080ba51b093ee1c92698f275e3dac414b0f08287518f2114b88169b076196d71790bcb57132a2e5ea1bd1635a6a5ceb397a6bf19cb39c7b6f968a271a750d24a744c7f4a7669e3ba33233e100fe331995d7a4d176d3aa3aa2ee95118371aa3bee549772b32c09baf5571b41ff10566f9784c0ac2e81b23ca145ceaa316d669bcf3adbc145fca0c658bf1d7e26c0e472a7dd2951fb9ccc48915a44e5e2b4b50c9397833db160f7d3c008541ae065641eb9d324d1b2f365bdd200963f65e4803b322992abd6c6443dc825b0d62693909c2b1aad4c4f1342f0e7160ac55fa95109edb2a5139d5b1ea44b2adecad8e9bf2aba4db9ea9bf1b8c1ca28b4c56bef5581e9c438eef5c8eee732a3d264bfcf564e9c783b7971527fd1f1229cd88041a8b2d65c6a8839286cb98bf9ad4c37ad2a6c99a9e8d451ab99848773fb8d4b898755a40b7249deaf06a332649b7b1d473bf4ea2f630277525cc14ec016e9184061b4f79f77bde27bbd23b9e721dadb47b41f098ca085876ee46a0509a4ad56991c3c9d5906a1b9dfc02293b4587d6f47da365d1743ed24d401724805492790d9ddf68c0aa75dc126bbe3d82a6681e6dc9e8334783b3576f75b07aa13bde91bf91f962fdd89cb4e1fad692d5be8e917a087c2c785c425f59eb86ff9f6c78d39317056449f0be13acb17fc289a0ae01ca760d7d158ec6bee36d6d6bf34a7c318007b05e66e0c26d407443bf964695137e171a84e5b137b4e48b1e2081471d821e7ca7161d712babfa09effb17be08a4bc65a303cdf763d726fdc632e51979767b3bf3d895ea052bc3192bf62ac99bd5ee5741d34d866f4ea48f79a8f0d39a60378983999b458483ee45a0f6b22528b7a1fdbb070c9f45050f92c6943d97e8573f41403bbebbfa6558079b60f6808eb4a01263ccb79b3a0683f8f44fffd0c22436b79f8c4c40f38565574561f018c8ac3d4adb2215808d515c04c7934c871d99a0eef30f90e8ef7fbce8ef22780d66edb799258689099e0d99852be7feaec7863fc57f9c3b926839ec8feff7a1a86d312818686db214a46cfe2f09d87deb64623d7066771a952c14ed12ba969b9241840203e52ce01c7ef4af17e9abe34e999ee9bc639bf365ac436279959bfb87482eaeaa90f68da47bc09b371301ffcfd3e75076dcb542c82c1053b3dba73b522af39f10ace17dc943e58569bd3a834ecc4ce530199eb9df7206e210ccbbd4d195f4c2ff7019597cb37df0a9f8b0ee6adcb5f05e5735a752c0aa526177c0e98ae9d3f3980a9f70f60a0159d2fe2606ecc1b8b239eb7c5c1d7631bb33f4811bb7c74128c1e7fee8426da4c4c0ece63bbc0352b4c01e5819e6a0312573d6ab386efa23c51e12bcf3f15d489366336668f0df046568132ebf41dc3410afa687cd9a05ee6f7e10c8dee24cd29f1d9adfb451e141ebc5205f9af3355e065998e490b34f3433ad5f7a7b982aff86844f1dd0fd6b57206fd1e96f246a20cc451958f1920d6b96532839d2aec4ce6a02ad58da39b2480768a2ab63dbb18c182f88737d541c6e69121b034defa6b34006ad5b92f128318ce192745f7d39e299b1f88cc28a45a3bdaefd0cd775ee8920a7877453d452fcccdf7017a72e12295dbcadddf6becc9ec39c3bb437440c7c43b1a18ff5d75eda7849dbb180587d596af01d70b53c2d1db6700c9bc4bd5abff9cee5f3fee3ca3240f6a20fb739084ab6b1e68c34bfbbfd562b457cbe28761b9a7998463562faf13ba95048d3d9d88ea614d0f4ac8f8a501fbb98a1382578ba6f26ad7f7d927d5baa466f66caff8cc62e45a451991bbad080ed8dbbfd03d96005c7645c88c69d56d8f72b9506e5a2e06b61904cd02bea28543e99bc1a90b213a14d811dd708197154bc3f9ed4f5ee6a0d6b105deb9c9d8051ae6e88231b0a4676f8fe51e3ee38a608167a3ed63865c0d63f9f15d691113d49e6dac7392375ace7e642198ede6256f20a5f56e2a892de2a26e97d2894a68671719458fca26efb1a263ceca42bd1c4a2f3fcb1cf3c2551bb577880fb125ee858ee3dbd16c7afdcc04a2ef27ba7aaaf1c8e3a9bb8456cd03cb745a001564d8e65c6b0193c948a9deae4553bd81a53eed591a870902c9aa4f9b9becc6f77dbb6e74675a2bc1fb9a0537740115622fde2b1b75201e10b1c7b228aa3e70dfd623982c7eabca0cc2ae0bd72814d64c607470897e511cc69b56450d58197e0c86aa723aa5501473602fe6ca0685510a01e804bd26ba7cfdcd659ef473abffa1be3fde2402c9dcd714062940be0beaaf36c9996a5fe0243d87d809437f6e8694fcf77fec1b9e275a859c6ba78dd53c63b0b38db7a43eb59bd4fceb89592f6f54458ca1f5c2d83b70cb39dcac3de36e9c650c8e5df1dcd8254fd60db10d525434bf7d2f77dc8397f2a7c554029ec09489cb56bcfbb1db5882a12225778d97ed8bfb3fe9498378a80fd9a8c8665049d21aca40e2d63cccaa5f4fd8ca3479a964f5f6f8f4d357f3115eef9fa4e8812f2050dc93e4b7eb0627726a8a42665c2de7fac9981d2f93bf9901d51cacafee08b31f797d5e1d8e6d7b1fc0e04b61a32b725bd2175a9ca2a0ee9e8faca6d0b8c11055c4c59ba36f9faf004896bccb7738789a5bb99d60679ab04091de24a5f5ea7be064f25dcf48f1a9b5329757a06ba5c46e7a58b1a0250e7a28cfd4e0809ac893d63afb2a2b8f356270454507bda60b62408e34bedbd93310fee2646a75dad896f23b1485f1f673b27382d721e73da39d15ba8dd95da9e1158ed6963fc1b6b2ac26fdb685da2fb659bebd62e070ddbb723d598ee780d7d4b322e151e1de6711bd07994dfb5bb3a58bcb75668aedf9cc1600be37210c14296e9e530c0207139406fab4a4b630cc03142518fd7aaa64a2808b06036082f1cd1581cd7dbdbd19a9fd3ebb75ad169bef362decb52e99c7d446ef1e5aecadb5ef9046562ad41eb3019edbf84d4504f89aa58304d418675dcd7a28f0e6897f37d6b460a6d4dc5dd44902e00d40d427bc0a74dd695acba2c50533962ca3dab084f5b856dbc0d104e42a8a6036803c886c7cf4e17d6ff80b3e7b167216a99ce41c7b1ec474ef8d0fa43cb95eb5f6733a2130e383d31dfbe36af731c1c551c44576434afc26a9b6eaebd67b5fa78bf79e1c485cba89d95415e21336d9a67af1ddf45c03430a17d19de7d6c7ad9f78d34b73b333b818ab2a15b84f8ae77c520509266fc2bcefd88fbef0c688caa382da56950db3160de7fc4f5e8171693cd1f63124174511ea8ec31d32f165a7eeeb117b71f603344f127fe448409cbd00e5fb19d09670ed1d878da5a10cd5174d43121e633245c9e67f45295f7bf51afcd8aa5549159f4b8aa3d89e9a10f5cfc5a000fefc815a7d935263bbe4801586097e65e18c98cb83cffd6e3d984277f1ab7b0c4ebcca87ab846d35085afa01eac3de7049fce52da9c710004aedd8287e9897391758a9e036dd152d1399826958a85a13aad9ca7af9ad0def0ee442a7d71410b9e251b65d7890296be394eb77c8a7e4e53e6cdaa45faa881ed3e7b5717f12cbcabfa32d3c1405a814fa1bc75de8e5daf8d084801c72d63f35bdc377b0a894673adac2176fc0ed03af2f6b49fcb690dc18a916c26e6e792ced4ba4868a16f75b0f47045ceab5020e6191182831f912607c04396df37169c7bbe7efb6498dbc4796b9ea47a1bdf8ebb68648c90b7effd3239e9bc52f68f7c944c2afc157a72b49f99e7e2b8f887022427c378473b79adbf96c64cf3092669d8034bebe58f9de582c686d51760a0c1238556672fb04a0ccb600c42097d9a2f665753a32ede99877a138356ed30e29d29ac89828ef2895b3d0641f18b9a835204bf6082b1de51606cfc651990764c622168b5cf34b7a00e75de5f74d83596032cc510b94fb284e64c1c72654d2c334a2ddf6179be6b8b6c28182f8692bd0bf946772cd5daecda1ea57a0dfd9731d63f1ac74107e5b4286417dae43f68ed7f915faea1986811cc9ac3d634b1305436709b77768654602fe3fd64e326fcb731d3ac6d7e5127084836f7bad68b27abb75ff666aee158c072a76aada5bdea24fdee4f0f553f9408c34d1d2d2c794d7f66d9a66519fe909b7ecfe714c9db6c4938a4a5011c194dfa2b67a21b62da522e932d4449c6ed6b7445b296d4af7350235ff04373c6e56dd13db42cb31b892b0ca82248a9cec50c9d93d1285bd036dec9a96cbd6327c765a2444837da863fbd7d5c6cca26659ed9f690fed5976a18c005a3b48ebe527664ab14565f633aa663014e79bf5ac45cb03ad104ee76a023bf4dfefaad549a3d230ee41ef938c8825da07d07f2ff358a037cc57378d9caa5eb9236b08a3d4dd94bd78c3152c329856444c68c8722456c72cba572ed67bb72171603b432dcea8aa63487c33552752f45dc6fef2e18a04dab5679f74f2e1185a04772317698665bb64282d0528a05a08fc42243a10c42614d705b876460c42285270dd37f52a3ee6c5bdebb51ca118270e7f43cbd279c47d5953996dd19b8df4bc663b87c2d3df6d45fb66e5ee0817a76cb5939dc18c66781e9aaa896f993aefbbc4b9c1fad208ab4680998746cd7cce06ea963e27f9429c45507c6a045b879fc2930daffe4fbbd9e1335779f71d8f340905d5a2fba4880b5d83afc407a4fa1241af6785ed542e4e674777ed8195f5b65f890985019cdaec7ba66caa5ffeb552a6365cadc8ad61e40d2209eebe0dca577b5eeaea54f076a2b49db3c907156bb3cf04147ce039471de8c608aa4ad6e726c09d5e834bbaa1be69d156bd4139686b7614332d6d51ed279b9a32e1766bb6d8f58eb71105699155f7205ced2a1b788850cd3a240a80b340a84f8dbb93abb33e459a28f2b38f445e49f3b4ff1d92da7ad788ab58658a5094c41a3435cc7a38b6d38cc4355c949889414b08ff27bbbbc836f68ec6150e3501f03a1db2af347f47b73955d05b0a68bc368293d4969da64636691c8ca4667ec3518f14e300c984fac14f11e772b490957b5793ddab593eef87f4b95e185c2fbfee423886316f2c148d4550856b2e72e99074c490cf1509f0d0f6b8767fcf8e6160909c5198f84fd48bc6b79695b28c625a17ce6ccf0da2ea003ded6d97b7fb235557ba9db613ebc53f452fe1c30fc2257dc62699fb64e66f6102768c909a8fbcaa72f8169e0b0e1ecd7b0b875eb087f03f9782b196aa64506a2bcbe20657055bae86447662e752b52644bd314463458e83a484d577e53208158b54504f53d1290e22ec3423ec687519fdd5e4c956de3ac44dd670b0c8e4534cecc2e67d6be653abf556b10bfab1ea3468b42225ef6d8a27e0489b86fe17c1976bc97e9ab49166f03f4856c1572783f0d670dcc0d1a052c3001c0277c266fa0818c064986e733a61e840d56ad010d86be264df4cc21fa6a299844c87634a751502900a357845bdfac9780c102a5db5e15525b8289753874edb23a405ccd02176a156005a529a768d961c59e01beb249d8bedc29269e732724ac31364163ceb207035e36f7e98a93465806f2071399fefe1903d4f112e21f1bbabd79bbf0b22f6f73d724b9b17210ee7f2e91f53c4e2d5f55da943f62557e67cf096299710bcc7300265b762e76796c5d19602524815dc0c2bc6d242e7ad2ac1ba33e9b45265b88a2b25bfbbfe5ab867d8de0f314fb89c7869c7b40cbf973d606722e25fb1fd990e3c45c2067ec3d45d3d563ade82891772fa614b6d237ffde6ff24b93b76cb80c034086657f1a010a4e31169301f544d5d75eac1eba87629be142839c98d14b91c177cf04e7fe0f58a7339c7deb1f4f8c21f4d1ac94f865566f7e0dcb2862b8603117972a5830db6f36cfd96eb4914b70ff44ce9cd0d0cef7f37bad638e88e9f0c37127af437327d2c8d7c0dfc3e49bbf8db0521b81c413ce67b3c3cbbb343977b06018429cc61f22a7dd9b5e1ea09557f1c83373ef9d9527e0048c0f378028c5a535ef8487594b5c8a2daf4dae7d9a0cc747e27d55aba9faec343a4206da2770f62a785646ea8b4e3acb231cd876d5ca4bad27b6ac361ff01442b731e6cb2c8c99f6b39cf10deb3dfc39c54d94177cc4e5f782b376cd77cdedd0203381d83fcf6b00a05c79d421d008aae7a43d1b9c50924e7a12d786df80e9a687a70ba1730dd8a745f234c70932b421fc9f1f0c54e4c0b0932883b4f4df05b418dc860c490735150703db16f888595a3c92659448e9c0a6196d2d5365ec10aa875142a8ddd83535209db17cd42fb661e89d8bce27bb67e126a812aecb8a7699d0f58133fbbc7a90c64e0b3b1ff305268285bd8caf11678ae09da338338b890e4f35c590367d7a8c3ebb565965f1afd0517dcea3f6ce02a4e596eb63e962b94d322c65edbbe8f65a2f8f25fcde01a1a14987b9d659649a0386ee85e30dc3f0c77510bb05a810bfa03cf79226ce193b128b10f3fb7484a329ad4123382aab63e6c9be61512a3147a3d19301222768479ecccfbb4fb475d28c7913c8ccecc87f72f60e07279dbbf1f6291734707c03def357417c5360c47df3085afcba564a677a596712ab2ddb53a27d6b87a1066602e36ee89f0e99a94c1597d27f808b7f8241ca15eee6627b845a2519ad0973215764e7f1388401f916cdb0db1969400a7171becca5b26977ef54a1f2082b99b87ae5490525c003000038f807a67040ad76a64e598f24a66f008bd2fb1ccc01702aceeba999612f046a4940cc6a3386f3499b52d5c92af24dba664a7b87161a4a8bf0d3efabe18dba524e9e8973513114a014463068f528623bcccebe74df689b20a1294ada387b5b8e7726616661c94d62682ea3dfd0a635fa1aeddf52be7d8e4b6098dbb3cd6846293e8e346d5d835779384ea64103c99aacdf5ecd25e37b58ce28176a0001b74fa6dc0295b860bbbbe9fc7e501816dc85dbdefb9ad1a71a0ab7b6ca0f191ab6244abbd27095a07726db743361fb00492f9258fa761af5d4be7e566430d4950b4c9fed4f25666b82a20904b817e0b68469d4cb13b6561d16ea4e09578d5ee5d68ccb28fd7522ebf0fb39cf0cccdc40c6bc8f9af9c29fd6d36ef1cc0217bdc5602e353192720392332eb075dc166e1c4ac614e483464c44bab3fa4508a6b8c560cd44c0509aff3ae1fb7b47c3d2b6039decfd3ec58d8015cee9601b4ac345f4e0d4ee09674aa9dd29605fa35dafef0a2a2b351568c0ee96435af25b15851fe1316a279578cfe87f398b6cda23825b9933c903d9b6b39980c550c281eee2769385abd76e5348d8daaefd752bc0991602cfab28e1ac27747ca897be5356421dacbdbc6e3aa6514ce76be296310c739bf4474a07f09a7c66d18d701ac87baaf6fea2860526e825bc253c5db236b2976dbfc682466ec1970ca8be251f35ba23f9b408ce66384c1ebf5f133afac0b095f30a99cc13efcde4ebcdbcf787c3c8c7633d592e8aed9f9e5a41faa9fce7c195c4aa8c84a42d242cca82e06a07086fb39a4d717c9d03da1cdc78519c513e4c139800fc3ba9774df0d501b8bf197baac412af63bc2e1b55cad6692677a48e72672b59467cfa44d9e7ef04df6d848f92421c52d6042e58d793e01a5f1ef32ba095341c0866e0778a47eb0fa0a09b6c9ef19e536e03ad7dc2c7da3914168211cf342f9ab2935ce418a12ed67eab4ca1660e7ff9d7f7c45580d08c8b7ff3d72e70fb12d70d57d5f263b1cb24b67d439a2b3bce1bfa9db14fb3f2027798c05042101cf5a460f132c5c0bf64e2747ec379e4f0b43988d09e1073cf21ee478741c46bd4431b4df74ec12d8f25775b3cab6c4d3fa7b02d76f388b164b72f2cdb2af326fa80d99ad5155dcc0ad0150c371c24f8239af2be663f8a043391c46717447bf22fececc6089afe14b1f4ec4a25097c5268970154f3c095af75951460a52238987a3e1152d9207bff4e6a021112f87f7fcd144b471476d19c9b6eb842c859e5e1cdbf3eae534a08b88e4c1c55158a55116f1672a4c9323783fb33330aa2838b62b7a3f54001acccaab4de67771a319336e896fcd71dd7ad0c6bfaad41e5ceeed7d97780e1b0cb1664916cd090de9edd1685044f1acfefbb811f91fbed04c08f3d54cf2754e7f0e8f9c764b681a028f36be1250e15504fb644b824bb3aa827bc58c2f64e5c15c763a5a77b173ddfa1da93ac1faec128d0bc57a4e2110b093d0c8c7e9f1a64505707db72c307a5e9ab6ead581cfcf6180606f4a06da0899bd2ec35ffd4eda2c378c2e4bc3c1eaa15ce17e5d3bbf298309ee0b9a9217f5d5bc40d7be288a69c0259f99f3b4db0cde41ad2d1a9a650f594c7a772bc8150b74dac8811c4ee64e6bb106eeac3665b110f4f455e91f2f760f6dbb2ed711d3801e01c5ae0ff7ac5e52a6b4365f217f57fa268dd8b6e8ba882c537b304ff73469ae99605af7df9b4656d9be20aa7742d49dd5948af5fbb0ae38408a65cf87a4f9fd81eb85f840c6e557d6bd7686ebf6face0c4823dcdbe68bbe356e983dd13dec07ff78c444efbd8602bda216bb75debb066d5b136df8c03476c6c1f6b7488c46dfd45897d8937e1daeb6d2d610769b38cc8991acbbe2a7ebf4c2182ab224eb46f4be56d7193cc6cbf590498218d60dd214cb7ac705ee40a0d6c44f5ca7f7bc81bd416f7d52dd84be1cce8ac747b0adc00075ac0a70cc8c9f338293b2313ab25bd195ad0e36954b4f9c957d46ad2ee7263bfec397f93f5a3d7efe19b46e1cf080b7aba661e69f08997c78601657df578642434482529cbd9163c6cb554b31ad88679d9f02d7c8e42d26e3e70424de206f8d78914f8f97e051addc12888289ec9f4cf2b209aff862b4aa5f90e97cfd817db54edf39beb21a69eed27167921fce30a077232b21c381d4ae45e04b09cc973aa4019c7e85081d7fd96b3d10f73cc7daa8a78e09de9c1434b3353f71904d5bab4d89cf5061110221aa231d72d2066a7070c4aaa97491efd72135a0aa2c3498ee9aa38297be5a7f3f91c844618b4bdfde2f6a14f58c90da0577d9d5b50582951f8221c141b7e54699158f808a3709e5b3a1eaccf77b21efecc3c96fc9f822227de00434b33eed63b533bcc530acf4fc9fa0dda778e380fba236aed381949a57800f4f55bc357ffcb1b0523c1a8fa8ed1d9add419d0e552bd08dcee2ca082d6eb0c48fb67ec216deb79e7ac3bdf975a52cdf58d9523db497ca5cb1d3809ef14164b213569a7b9e5997bdd1fadf4a586b008984ff39ca1f9a9dc2527591d24d0d7aff26396bbedbbea9d12c0a15583fa33b2f8a258bfb2e744bb68495fdf6e6bc6bba9ea1f5d4d00c74e6ab1a0f12a08f468c2687997b2cb546830cc614eac8023d8fc91fe9dda8593bf283041fa2911aeff23861f79a135a09a36faec14c66b46d5f7f8b49355d6eba35c9e81e3eb329aff86d9e78ea0e2e087412f692596f4b6b88a3ccaa83f739c7d436a4f29b69459c6feafe5d3220fd5230acf1753ce298b55482a989d56d7f52e25ec54bcdc19be2abc6fcb13116e8653943d4ddeda9e9b7d2bb5ba9f033e4e7621efda3e0a8576c321d65f9b7af5c2e91b549eb0d205eadbcc83437b0ddba210dd8334647947ec6f8267915c00cd49413630e2a132e500120d4f83a6f0f40e5ea077741fee5c81afdb7922b243828bbce0718f9dee31901b7d882970cd652147979c68ed0ef5a4a46cade732c38fd0eca81e0567dc8c8d0c8b99e16a269abe3df8c4ec52abe951ef03878f2ce70d1c177ff40e28777a59d49e796fcb335e111f6a700f42b7ac39220200a84fe50d9a2826a9cb455077b82b9df9c386a8ff817a3900061368dbeca1ad866405374b47d21d66b02a37177c1d16e4eca81d26f781c4442e8811322bb1a49b0405733d3d4319667b482dbd707c92922d5d4d9a33144d68621da9a6fd664cc1126f37e7f884215cd96c3a08debc85d5aad116cd990596f38af4d1033f30b8d1726ba417c3f526aba8951e418ca820ebf341b3df5127dcb4e83c0108ef8ecec036a6fcd59a62f8df430912bb7ff6e1279f1bccfbc6c667f8a55e2279414f3b71d89cb5a7ebe75fc15b892aafb65f8601cf21fc4d6ab5963c540f72f3a4b02aa11060b8c3557b3c5a6bd680669c2f5ec1e472484ad53f909cd9deda87a49861893d22ffa4da981b2b152046e9425def44bbf828883afb188fd1cd86dda2be5e13faad5fbe45c6586b7eb04e42670d518dd15d1b1fc0a80f6c3ac0e543246c74b54cd3db36807c8b07a219edc3573ea7d1bb2ee1cd98fdb1ce597d79ffa8d8ccc65855c6a23f49b9beaee81bfcb1ffca7b27e42f486e6fca1a9ee4ed4663b114ae5232b29fd89a8e590c09ce3cc2eda10aa56e0e6bde5794eb7c9570235803c410e8f4b1cff3b2c8c361c346bf454f95255c950404960228bbdfcb4dea66df58fcb17881e039d598f0d446bfb423bfc031abd450190731dc79ef7f06b1f78b13ef0ffccc78596e3899cb0c7bd3ac0397cb2799abc0f01b57ba5fee8b3291d4f19714df1d955508bc762d9a843779606251ee6cf96b65bb344616d280bc56af57afbc6d4dadd141599646789a919583eac02ffe354c12ec90b4bcb01976cde02cbeb78ed1070f11085f4f16a55ae8c55e8ad13b4a75af75af343cd65eb3b7b7ee862a3b63db092acf807a543e17cf8cadc9992b2b317bc5a9f354807cfb1c382bf63ee9284fbee97345127850dcd4af01ff077b6fe057336cf8add5c432c3adbc210c51136028608ce3ff2d18134522d8dbebc866e825c3bfc1838259a723210000021b97c0a284d4803c90e7291b690969869d8ba47604322cff8728dd3cea560a9ee827cfa61d97aaa9bc7b2a33583fb4f4fd42fb51a2bc0ed2a774bd1ca814c55604914c73d6735f8e829d16334b2ddfe21bedea12429ad690071854bc6b4e7b6cdf24db86343cce4293d2d0fa37e338678d62ec9bad2c74d7e810e10d6423538db2d5c795719ba531806b209a5817e03a727d4ec4b7b83654f82088a796df4b3029c991a3bc76cde0296a3aab6ed20e1957fef5393e82e4b2396ab0a742e992903e4628e10abe66f28844bf31ed0dd5654604731b6644f47bef7892baea9e0155bc69acd648b94df4bc0ee289b5d3f236a7b7d72b5dfff5d944db9872bd09ed6dd901f8b920885e5891c9d2e5554a04d1c997ee7f0cc3678c9de21e0397761ed0ff2b996a9505dc5e1a5b3877a51f2b0915d1b86525d05276dc3ed54cbf989699ed69e287ecd6b740794f4ef2aebfbf4b76c2853d3776c91830378eeead3b1d6388cfaaa7d08c6cbf129c2ca8b8158dd0e9129553257732172b52cf40e31b086445588817bf2e3a54b0fc2a387df3723d3ad71dd1e19e3ce6393cc4f9f70f998f43af7a93cca92d35e429b4274026294e746a5ae460d6d68c0f1427fbbf6b06afacf42d5b4fa0640d051066710ca0daf3aae2bd50ea5f993fed8a32ce46b400939f2110e2897caedb188e21aea084b7a7f0477112f86b69b455ac13730bea45f26cb4ccefac63e3b0d805c85ade6649bafaf1ab782cf4bf4f65331fe40f4444da7a4a059e6340eebf03e45d2a31d9e56ad22fd6ef04b8dc9a10dfc2b88b5d8d569a857ab303ca158fd4607baf2626b420b4cd0cc6e65fafd2f679ca16fc6f1be7f88b9052ea6e8f15eb5739f34261365c35ab484f0de976f6c0c96122eba5837f5d532d49f03b303b23d47b847c13e7c6c17001704fc3a89b60a8e1663ceae5b9b7a15dc3f49611b78ec111a9e3d60604797d278be8c6d3e50cf2d11d5f0d3844454a03f75c1be542164905f596105d22453f6994b4bfe1afc9c42452236e38aa41f56504fe36f1af149c37f29990520646d097f22b86651db87a98e2e0a7322bbe91ba0a804453c5bf47d636c508dac0c86c80343b9d0fb472cb7ade2a5b3c8517548c67153717579a9f68aa06080a5682021d9e362ee35cbb57eab57e3dca988ba85acd4c191e2e4c18dcd6a57180c463eeaa3bfa9c74bee29cceffcf338f29ffb12ad13f315bbc97e4838934341360cb0c7c8ba0b8b4d3eef7aedb46a6d200491b366d5df8df45dea6d060cddc6fb0465bf97aaafaf2a52e9ec97b7dd78306cb101efa3cbef3b5b71178930fc726eeed52d7652b32075ce45a36207cdd019d626f4f3f6895271b80c5e06ba96a0d4b34f3bd5b2d973a2f6619c0bc1b9650938c20319a5f0d4e72c7a1b8d0c2e86bf491658970d99122d98ae272aba512d3c151aa847ed27ef25d17e785fc9e547f3d639b548c7224a7bd54006f8064984b8d7d1983adc680e1dec8b4d3063c4ea8c47465786ac0775029cc6ec9f041d4aa03ac8a119417be21655c90a1deb08bbd4384eae88728fe3a1602fab8f493a920d1a4fa4814ab514914b2838ca1e71f0755cb2fa021dd73ae83f5e473f4c24c8b1cf39a6fdac1f9b36f6b4a4f7307e9d1da7c27b69b1b420d041be20285c7c18117263b92cf5b48f4146daa780613cf79c55b44e07fbd7c8449ea4680330ec1bc98e82b0656b89c8c778710354e1b5b72d3c1320c8b7a20a2d1bc17d6a7f50a55975b1c27f47076326a7907d48d4e5ec71c961e088804feb2b518c875907c121aa3fb64805a21a47a66a41e8a34886de6fe606fd2e4ba98789a23f394f3b4f9038f8b2ed72a1ceedf902cde438ed07257ce4c02249203dcbcfca5d5f65f0df08d24c41ab84a8c6f7e6dec0eda4822e923e1a218bf2e4f06b6f17787375f1be91db47d2e91bdd0c687498b7867d8b9f24051a07127800bf2e3a8651bcf65fb5fe39dfaf6e8bc159466226709bdb98858883fa41830e4f9639a00dd91a80b8d20a94bfb362606279252d3cc8c4986433a486d08352000c182d5ae21e28ce5db0867ecbe69b94f4d0377a03d37095d908a9937564832dca358ebb80d0bdb3dac2701bbba17c9685b95d63cefb9873aa581ca85de1c31e21c35608a95aa15f1149a625101be9f93f03587aaec5be4e34ddda78cffa2f7ea44599178ebe1a5c08ceb3d154f3fb94130a696c85e74eac7809722a55085b424c6e68355c609190123b1ad775e34381b798eeda85c957b1adcbbe3ef0684a55d979e139c0d143bbce18c79cdb79e5b5f448f981b0d77c1554448e38b846f14b9edad9873e63c37dd9623a6621bf596a89368e6a7b645b38f9a6457531ba22780966c0d3c343eb66d5beffda7ba5b5a69e1ac2d9cd1302383cf6dabde06f3ad8aa898fb332283b4a7146597458caa6fec50a89030cffff3f18d2ac8f3d0d84e0be01e5d003a297c502de4c4d78d10566dd9592b30d6ab5f7eb78ba588cb111d4b4922327a36b22c5e652e1c5663ec20eb1add1a7d2a90201bf8b7aa58e7b137d7fcb7ca6252784f7fea7665db682ed0964875172f2ea773ecde996305aa63ed60af03ac7290a5026bb1f2c0ec0c03524f02737fddaebab1abf5b0c9eea1c5371ec95699deff124b6f352ebec338c1cad1453da69fd3221c4a7227060dfff9e4fccf4348d20c3866ba966600b5dfd428c4f74b234899b0b1e077d905807e075f6f0b9b41af3be22b052a32752fca3ec1bf66254b4a4e713c20365aa5af0c36f701170c9d98b76e3b9ed09f77bdc65b5db09d70326d1a56d7b0408e132e813ce41bffc81b07071b6daaa470c78c350b09f6cbf8e6064e763bf26b771e5d9e2534293a927e833bc219bcb5d7f37eeece58c23b01b66734409a26e1ea1c89cf3acf791fda3b884a47e0b87ea14b82e2b9c6e29e499db55f04aaa14ba579aadd650eec25bed2e5b600af1c053a5a2b9396a54275e081a569ff9abb7506090c60a7784da7cf99287dfe7033674ce7e9698d818f9455ee298853347080057e32f19f28b171eb3846fb411174953a1f745d16fed4ea6b199bc95248cc6085eb077b6efb38f03a5a7e4627ef3a5a660a41821afb9626cb7d4446b70612fae1e66e6eaf0e57e4103095fff72e33b300d285308efbd2082b6191ec0202cb2aac0831d2d26b6e85aa1023e35cae70539b5a27f8d225131798a9346a76d19c9725d91d34c88aea4d4c0456f8f0457bab28a1bc81897ddc6298bdf7103facb39acf0f073a01df8a73533e20df1b11386f07877addb160d7e8cc714ada212a055a830755a7cd071a27abc82768c951e5eab9ea560625dfea06dcc18c6aa4ec915761b6c25c888595e6137111d89368720f57e248ea2f2251c68bb6eb073e16b37a41e0a50716372483fb9121234f3dc27a234e52253a8a6a8d762a76f8d15dd61c47b5cd8f026a5cd5cd176b7b7fcb36fa146fec6f19aea5f2d55a1246c7a214b0d93cf3091e86face364967681912ca133f0dde4f9174e1a39e00d64b2582b8b145e122f34c08a56232b9e6ed8dc51b6ea88bbd2cf69aea247ebea742128914d8be78942c30f0b8fc07aab4d1ac8912d7148a29c669f9ae036b2eff07c7febfdd1ca3364672aac92a1a2108c206295f433df583db3b78c9f28d5ac0f71afef2b2756f72c257b4826131d674af50089c663465522c2c1fe9aee0422c6fb39fbb0fb538faa6e8192ddf95cf1e09a84d49dfc02101a1b5f43160edcf0d4fb7b534ac483ae4ea1e6202beea2728117012bf606b8cbd0a31487ff55526a7ddb102469ab0322721505c7619e25381f6351ab50dcd882011d72404d3d63319f71dd82e83698e3a17e1e5e108882d1c189ead2441b0772a4195b65200aa99cb06f28d2a9b811d5cfed448e5c6c6399b392e7e225013fa240490852bbcb93092d1850f32b5157d6ceb6a7a7e009bb3fa29230f09e2ce963b55430cf7dfcadea7c73e2a2921d4b2cb2ae4c565d27c802bfda0546e008dcb4203760dfddfe36a502f2d4b94fa1f1e4580ad8e59a24c50dc2af869877fb681e460ef0a2e0a33f593cd85f9e51b6d1d7c000093e14fa35db5c13f9b376122a62108a3e1873074f3e341f70edb84de6d04ae7d54067886cda513bf9258bd4cfc66563ac0df42fe5cc3801ae44435801faf18512e468811e9940957300d45434114d87c1fa9363f04a03176b1381d9de3a5fec6bf32050c8a92c201a6433bbd19fa8499339afdc67a6e8a8375a320d1cbab3099aa1830c42120ee90bcc62ecaddfec4efa1c69062b0e9420b590531ef7d896c0c2dacf737efb8d9d4551bfcf79a23d62799f1d8d43db8ebfc3e79c6fe4e50168c677ef5cbbee11017ce606b8cda7a5801c49c9d7cc3993e2b6967f1eac6b1ff14fd95077a28e8dca9e2bf723567980648da3ce6140287ac15c393873231f8732372179dc7dba96f5bee7ac56cacc4c5a7e15ae0cd17143fd40bea82ce5fc58f5740622abeb3569ec4306e1552765e8aa8e769ddf73755361aa8681148dda39031042de82f85c151a0fe0c899f595c1c2a2f3891e1e8ef6fecb82fff5d439bc7dbd0ec5fb03ae648198963d9faacfbd3ce0fc1e472225b963411bd1c42c63ae3914310bb612c1a1f3df2a4c83b2f9a255cbf4e05c88afb8f400451247c27abda5c7219bb6e039df01cd00fdfb87176038eb5ed47d626c2414d84afa24e95e4679bf723270e00fe92b7713c825f9620ce61f00d0c78765bf9024b67d84aa58942999d7d5ded0e65931acf4c0e49213e4e20418839dc264032b1e5470f493e9d79017df0892275a4acb28730163825278e7fb1b5c73e7a16494ce633dff1441bd52fd53b22309be08c804c3c05ccab381398c6c58c9014923c91054f8cb458b47e69b549c8a6590d4f482df5f0f6e359c14e9f25444371fa2c61dd7ff4fdc99fd18fecf37b360c5e3d99f1153d2f98582fcd3e946064cf745473575ddf89cd0feafcd90ea545cf9e4df52a8b511c3d79ee941e103fcd4e1cc3ed819049ef3b615a996fe24406212d494230eb7d03e8dc53044a008b0e5b4f16c3df71048f7198aa3460da9997d702344e14a99f5f4f10c07e6f23c866b3546c11716c26e73bd37a17b31c153ed27de0265f46064e35f029989496f26fd3f13915cfdeff2947784036bb5900cf6803bb7558ce2b7b361a457fefc1b1a5b24fcae24250b2ceaf4440cd566620509a3a18ee5f773b97025e1a355fda583b027072f54fb35904fca2c2ed82369d9f2a2273de771c73a46d841c91c571f9b1d09498596222f5c527e4ed577fe9b360a130035714f52661943fe608c20bc4a19fd71767ff0dfedc52ec68f4470628aa84125c3906145689ca304c2b568d6f2a988e41a9de3c86588ec8f1d440133588e6d337892f46af9723bfe7cf332b64961b637a9c8235c2d9ba13bc3b8d352027756c842d2827b24285bc4ab8fa2f4b97a518dafd5e5672226e2db5c2f34141168f9f600684182b9e5fddc12d10a6e7ea6fcf7a4cb6a2f93cfd99700f977b3d726e88c41569b972a6858cc538c606c2261701dc06ed7ffee60a90d946b45a5fd3822d011a24afb986aa764b84de6da35430cafa1c1bc0d58e323a3592d75e6ffa1ff4d0e333f3378f80e2c13d50d5bc64839de5531e54a0837dca338a5728491b6e9508270f04ff0c610b534022bef2c6beed34d33a585809652ff888b1f19d846c06e3773addfa180c9f065a9a9ac2ec4927439ccca7c950d40dda21a5fc37268f9e727f7000073b2a51615e633126bfc2925d74508990d984bbe77fe64d962b1252eafce1ea9db179f3b19b08048bc252d0d5428ace9014247b27ae47c748a92adfba1ad6983c233d9fc72fb29181af5415abb36b4b124e519bab900fbcdc2a6dd54194ddd95f21e88e18daebfbf76e3d2172b67c08b5479b9cc03c6ca1b553ff7563be98030949ea0a27d7232399db0c8d56578bf275ec39222af2b387fee7f021c439dd2550f9b20195f69309209cde5dbf1c7194716b3f61bd4640e730d8f1d1952e95ac92aea2ff298f6797eec101b9a7f285057028a0e911a3662c78b71cddd4b0b59fcde4920e242c1343227c1844d37690d35390ed99a92a3fb00840e6f60153e84f895f4cbbdfea4c8862f85559f93c4bf448886b3062ab4da9fa1ca739b6809c6fb503f37ecaca2a7469054bc854073bffd45f48d713420c9a90ab9421ca25f0f333e182bd3d7b6666c30294c603adc791cebbca28accee2dce5d87c8b6e1bf4564b97eaaf4dbb9e02e01f962620113f6ba31b2768e830e98311a11d3cbef4da72509c78b4b599e7d35bc782e140396e4e4b3e1619b40851a048ebaf36c44dbfb932c3177dd9462c118f2ac2bf9f2576f6678dbb2f06f7cc3983effa1f01fa455d242fc505c88dd7638fb275ec4224daf0948b30a440b1230287b1e37f28abcb5f92b25f7c49591d779c06b208e52eea987c9801278f6d68cee12864b45b99702ad76404594b49b72f7a318a782dfb9bf1f7a2bd9b31ffcf133572d52f6ca1317499c328da05c3875065e0d655435e6322f7375f08de94db0f1dd078fcbe4666764e93f39e1cd7ca3b311537eac1c731c3648178165fea9394be85655deb0c28f5009f5eb71d5815a1f17f353cd385f23253dd5a0f6cf85c5ce0ae5b8b25c9dd464b333b980d6210853d88b809998a533a3e273dcfaebd052dd43d7b19fbfbd9d04e70de54c4d089fa878f2a2a8cb921c5e602f5da7a7c56cfb330634d40f8590b2638d2a220478c21e104a2a61bb81a5261522796638633eb31f7a7f6cf95c585a5fb72b0a7a8dfb1d6eaf02ab5c3ceccc766730cd959a916ed91a1db375e00c56b672241dfa2a47d7c3f483f41f1329ab2a57e26688df52978477c07d4f6c5b6700cef8574358a196418d1485e634d13a783e2beca792d282cccc384e6c9ccc0d479247436ce7914cb5577d122cd384d18d8290ca991fd7c2fe31706e33549212094e57b746f060fc08342fac91beafb6bf75dbe93dee83c176fc1f0b0769762c7a0bed8f211db212491d4fed37447f44c26a5034090282f0cd58c362f90a7d2a28594a9c4270505e2ce48227d732a2e14c58c61f50ee4623fdf60d0297348ea9840842c3f39dfe8a6d3dd4fad3edc045ea0757b61ffe27e820b7d1107256fdc1e58abdaa4342135816927184cd28076646d6a5edec9bea7aedf44c13bef90c03885460315d96e1892349f881c7984b2fff46b2d3012f4b45828faba3699ab1dcfd69bcc1143e2c80252d5d379a48549b87a38e6ad50c72af24206a234b407fc3bc29859714cc34ec72c516cd534630f76cc9cb8f5438095a66022853436beb614cadb77ee31aea77af9f8c53a43aeb5e9d2a5ecc8596988ee06e486ec2d73c0354050d9455971a11a64242f3397b19415309f341d62d98dbb2fc7568ad2e01f4ecaeb67896cc495724e4d1d233547be16e63580ce6f9df609ae06de0048393d32dcc9f6253fa76905d20830eb672e929ae13cd2d94975a43bcd1aa37fe417452269acfeaf540080164440a09087faffdd054e9ad45b06947f571f81fb71a063a6e7b894957b59861caed60f33e33c134261fdd69ab7a0edb346c5398adf8604ca1e1df8c52eef0772478a7a380d52020380833f2d0cd75fa8a7863b1c2a18ddbb6fdce182e68609fe840a365fbaff37008b580397af819a34f727644e73084ea1e6482c833ef126ff49854325425500e96779588275b25dd14d2bef2319e4116ee7fa4edd903169597120d13847de5997ec5cfdf7d82c175fcec19b242ca663e349d00c359a55210006aa2880c389fb0a0e60ea85025e2eac786c9393d3d2ef70c092c2237c680851671ee1f51bd8daa92eaf5d9406a2a724b1d64c386cae1f5bc415ce5533c52793e024c6cbbdc10ee2763c85a2695b0baf51e4c853b488eb2da0e2a7baba9c30dba3442c94797ceef31d196c04b0bfb261046b9644b4855953a5b3b7e9e4cd1186616113fe597731b2f60932d7e6a9db04da559893bb73d0e92f08fad6ca2c9544c091b6d193ea6a1a581c0461fc773528634ab513f9c17a2331cd6e46c8c35447a2259c627da2d2fb95c000278a6e418fa5457737ac82f8eed075ddf427548defcbfc4bf96bd830ed7ba54604de3eb29c9e3edd59c69d1f577b17f100f0fb87d7244e8719728d2b049c1356e32cb745a22003467755bbb94ebfc4d5c94ce05d898831b44e510ced6fb090a376a2b702b39607f89157925045326e8c436f47008e8c082384941e49877a3523f2548fd9cd4fdb5d079269abd735202266eb52e92b27105e6fb3acec9518a3ae966f847add77b986ded49d65e7e4e046a6287453983347406ade9733d1bee116e141ee9c01310849c2aa792f752face88a3c5a1952a7bf389c29fb112c5b70b1ccb8afc8b472ea299592f09e8d83b33de7b5a979d2099acad9bc362424f7adf30099c4aa229203cc298ae2b4084cc4af62f6c43b11e78e9cb68daa6ec40685413ae781acedc14c5c74602ba61b554ff270a3c87f3381e0ce796bdf9d96119d3f25202a3f031a5cd528e5887c7f13019fda1ced831dc152ce4b35329b750e42801adf83e923b80d8defb7695beb7ce6ad235596a2292635ed274f50fcf1f58c30cc0dfe7d845d527d48cdae54dfef34e056f90288328dc7e21b2adc98c5c11804a0b45c7829aff14196088c476efcefcce445d5865e838f003cba77e0acbe69e40ba2185a63f5ff82f5b2cda8d3a73679a1dd228de9b48fa4d09e323fd464a63a8e2b84a9067a268dd835454a2d2c79c04429f4c18e23e176286898c4c9aac6d8cfb0ce9ee4afc3f035ad9d27d807e1d3f402878df1b04b47d96f3f74ae00378ce74a2e75aaa12ad092f42b66a8ea28ec2b8533345bcd9062e25a940b583a0b21f4294b6e67f2e727ddc45b088a5b776b9ee6b41e97bf27262eaf8f00a00c50861f14c0c28c7a819fbbbdadf0c3ec876ff123ce5e62e399f2258252ef21dff8e178eb549d0326742e6871fb0818f58cd9fac7a15cc35d8f3cb1e31ed96d7ac1d8654380c8b2c9fdc3f35945ef1a7e9e0ff59aaf0f4e893590b8babaf07587b66cd1900f27a72f6c5fe4589562a2fea9576c600d819249a56a065b2003feb464ede6beab15ab42395cd5a2e5b4f7068215b6cf4911714b5cc5928d727b4f47576e0ef7eada8209c1ca964d10559c10bb575eafe4bfc65a98ea7e2c7dce9c9afb48e9d0d06b19718bc077599459b5970b80494a11790623173d902611ce35b8927fcd3c44da64e0d9ae6320f47fc2e792509e3b84db842e899343314578068a1e4b2c9603b3a58c1196d9b797b6a293b00d19f49ebc34c8334579b535069e7f50676e14cb23292c90c9dc4b239d54074351eed9074c1990cb42a5307a2a230cadc0cf10b4267ae27003cef73ae78d85c7e5d61172ffb9d00e1e8171f01d5adb5ec3e74982dbd73f10e032e95f442c6aac37c29a20bb3c03aada333400c3d3480042b6b1f55eb715db82984935cfffe6757b66d1275ac19598e5fe92abb484f15cfc5b098edbdeb18d7b0d629eb60f46c2d6fb888299f10c424f2074ba3bf3f7a3179f0fd30d86f3405de366aaab2434a14b5bc8233ff8c78227d9b96d6d7af0d4ab93e31216a0041465ea057e42a34d8bcaeb74a7c79797e348452f151c5630acd8ab92b5e7579642830681973730d1c767c36f01fb5bbe35e5239bd0c97ac2dec27805ebd0955ad0644859bb9c1227566eff91580763ed83c414d5011c41c0d7cbb84767ef839135d23a0e79ad6485e7c645403abdc74a9f210e40270fe6d428e94e44471faaef6f9cce462fd88a18f663cb035141beb5bb65c150dbcc634236924314284ae14e92d23bcead70414dfbbae6bf00e879e5c5925e162ddea24b32abc9b1dad0da095d6f3b983e04a011e54383ef95677eb799f77b7cc25c09e878f4fe12aef92bb1b98babe37d437d5c1e8c3e34d2a3c7a207f448d9c0898ec00924f53c7c826d3a63dcfe8b19d06417e96ed07a601dab7d1d0f4ea23d3356d9d9dffd3eebd06828a8f1d3211d9925a431952fa7c9cebed7aed21d9acde9459f08f4b4e0510457830317f7b9c02c453f948ce76f04891aae3ba0989e3986dd86becc8dcad60f28da77c34707b6f180cad96eb213a243af08eb10e6e5bdae38bba89c59b48cf6183e1a5acaab028e0912687d8fb7c174028e15c4d47dd46eb3671046360276953011f72c6e0d31b6d0c5267cb4916da0dff297f6c5927f90ea1602db49c2900bef492921f1048a3d3fe011502ffc608974a51187e345eacd46bafe1d80bad4fc91c10ca74a70140a42a34e6cacf86f843f2419caf7e014c38ac1b72b3e22f55e9a279ddf6dd720c78d85b213cebdb630c9a201b8dd5873690ec24f692e2eae08f165fa7e33636bd336f981832637caec21c8d9b8ff0be74dc076c2a8fb0295462c7d6ebfb0635bbc6ef573698278c4ce98cbd90c11274b17aa277c7b4dee5bdb27248cd6241bb76505f21fc7510adfb1821b4bdb78288524532e61f89ba6e80107297b9eb07ac2cfdc6662eace7096627744ae0d3d2c8551ac898903fa09b18c4dd68e8d15a7ae5bbd6ec382208789da70eea284f338c3dc417856482f856de78ac91bf4dab8849e78bc790f181764ded99ee151c1e0b5c37818775c2c103ee74e19e523bdc7a47dcbd9201a91a03f91c4daacdce1fd3381208f7f97296de2233f0c138c6bba365d4032364b54098551276dcad7b961b05bf896408ced53caa9aac3c1d8b7ef7336077615d3b7cd344d16ac9d77a19d4e27c2653d53bbdd0ddefbd2aeb1a7a1393d34f415f8f0fc35daa798167c4f3d6d51c707268fc70f4a796b398bc16141d19a70342e37a79ab45706283e0e97d8a2d270b9f334d892555bc0eab62b3322fe94991c73e405b89a6cf8a28bc88a4b0bddb71ac85f02cfcfe10b374f3b3170e5313ef4373b57f087ec15c3b6ca90a3f03d367b27320e7fa8fb92212491f0006d4852878bedcce8500bc3d26422bba1147bb395ce8a3b11c7c0e99aeb35c030b16fda6c6508cc7b644108685bd85f0a9e907ad236e083f78bbc56a982fe47aaa37f1ec1c9fbe17794beabdb03cd8cb7044387cb425d9ab8ce883c1173318643a44fa870842102e6491268c55aaf665b1016bd0c9fe0c0cfca6d939a625934dd2b97e1166c31ae190533ddf6e7f54458b2cc550bd2631569ccb90772f0435ecf9c84694c811f3e3d3931a7db499c6a7c07158374dad86d75010b595ec1579cb8c073a7d87ba5436dc9003bb9b03843e0cb7a798185551d011f35ae3d89d1cf556c2a56f349e8a312b0acfe3d3b1ade65425b1a2add7af4c59b64457194c8842c65503b2a69dbb00a3adbb30f154afeb47af2b35b34aa6a29b91b7b38bfb198e8f31a974ae115498cb4cdab65a13066549d6100b99240216adb9d44da78b83c0bdf0ce871523f955e338386c0d746dd20fb6239b5d7b1f3028ef6bf7f27f273b9d8f0fa3295fbdf07b3d998ef89a0df990418b1d227ce3ffbb592dbbcbfcc4ebf46b0115332e1d89ef0261b001da5e9f2327cc83c52c9e4bdf6b3ae9d56af230af7831745902abe99d1ebceb63140e95a2f732372a5c093085738c282424b6ee26fa35c1851d30090271d654c0d6be6608531ae6ec9566c04a39296d80e250caee250b9562f3c1c353e28885a2048f42d14faadfcdb669fb07279f49db3bfc691ebf27269218d92b9110036662b509fd740e0a17e462e708e72eb0a5169b6bba8c6ef8bb99acda5ed62cf9dc15411143066f8901f98f5798a8d380df13c4350967b5747d39eeb469ceb4e35c3b568438da79a965e04144cd25a29ef90066b7f8fa94d541e252dd2931525a669874f4053af860d3e8ae264bfda60145307a5a6b80c0aa07847affeadf5c7a289b7a7e8cde9662d1751d9f813065cba4a4c6b48b1edaf8dfda306fd5c25eccbb77c14b2c0593921ea22105893d4bf2047355b8243d91e6efd39adb6c184b106dcb8acb9830e22afc4da407acb5e43b5f096458696242637d58ecc5119266f01e0e2f0c8536ef3bd49f8e9432609d8242c39b4ddea229978766d56bec275ec5cabdfd1c4e8cf8599ed0e16b388696103c3d2dd8ea35ea10b3e006c275ec260f6dc18625c9f52e084e3be194c61ba78ca64a27ad11e370b9b669186c64feecaabce5577922b74dc934f1b404f48bfaf9a66037ce93217c8ffdf1d0ed867761e1da785ed8b9ef54ca2e3d0b862cec53a3b06afcf336a090d68cc33fae299826f4f943b0aba29d012058b725116c9de34c86b1facb88170ce825d3ac22eec407cfbbc69f1733a87014bc7e35b47885e4090d48f44b266f745c12e899582e6ca0b025198aafbef046fbd6464ca591dc58473b14c80e9898abcaf5cb84d98b6db912b3e372829c02f3e7fe5fcc31ac16b3d58985579db4e1703255868ed94beab2e8bf5ab08a06266401a0bf7ffe9ed539f9d0c83cb93a500fbc478f0aa993c5bcc2bb4dbf2914a6cd2162ef30b6d7c7496707a2d5f297db4a006187f365b5b2cf79e4bd2611e838a3dabe030fee8699199403c76fbde0d24bcd2241338167ddde42b03a62fc2cc1097dd48585185d5220200dff62de5605b774e3b6b1c3e23493d6ef664026cf2333c807f5d47a3d4db0458977c48ae532148f317ec007d6bf07393aed54933255c08254540be46a88bb10939675fdad00e0ecfef1d37e250c7dc10afa7f8859366ab58e4ae1d4143858868c6621d9b58c5f3d9a8ba340b2f249b19dde0e20a6a144a6fd615a345bdcbae40711f7273f4f7a829465ab6c806ff129850c042502165391f6ac352dfb4c98c7d14c34d561bb0377b9d3b6e8c6f57f1be0884a5fc71f5547666287a59c9077787a87f1593c21cf65c9c4f573a2c2bba41b093d6efba7cacc5b5fd8d06939208e4ff4c4c382c748fe3b7c8b6cd2104ef6b3106c40723299d740021b337bf05cf726a2c3e7449e3215785902f2fa569a3e4be9cdf86140d1acfb511c975ce87cf6a609ff9255f258ce628715ae9759fcab822675662cd4bf78961bdc4cf44ad30e3f0861618f82009e558863d4f21cf61fe2f3689b0185faccc883e88e8dad846db148ca9bbcb52ec9663d7c8a75c2933fbae24327d2c0041144d781d7195904663f4a867a0f86b62eba101c4a751481c3af46d072c25f75eb43efd971927d382c9fe0ba4310b3d9a8780036301d0a3e559c672a5af70587e4a35096236b53b1d48083eedce06a77608f9b87f54d58a4d01db37428eb6a0165e89b269983e3da451f259098c5b86a4f6a0d7cdf1ea475641f207ab70951e35d05a4fde1c2e91289370f2c6854dd5869de1286287f5e1bde13025fe1c6300bd075175d21aed291d9349c677da6fd98c18fca93cc1786fc08cfd858f87fb9ead3bce71a2e548f2236b2dba58452e37a166e14f039a7c06c8e7118e74f854d6d9429c83e2f4704721c8b27802b8807d0dc1049846c85f1d67ce4c73227b46275bc5f2d66f8ff8a31e54dc87599465c135feba7e29cad1bc38c681d31daba89688f145ed2caa37bd787b6bcf3fcb01813faa66d3b1885b17f5af615c71121aab05c130a0ecd5d1118449e967ae0eb20fc05862c7616f5a002e54d0435259635ae06c9a4b34186770f0fc81533a168822adae258592dafd4f4b0c9bbe5aab9025cc5cf64b8085a144c2dfd888082f7c40aac62399b092fe563f8a5571c4bd79ba06ebd864cdcb0b6008d7ea48c0f1b94ac4cf1fcac94b576a31466c887d8794f9e0c6ca9db7d440c159552442b842e48aaf0593f9a95683c9cf0a4d869e5344e1f5c68f892fd0a9358aa4b95b55b7014041b20bf9a2b08cbce602d35cebbaaaa49202218d1663476009a800a4810012c0c43a6fa79c45d45b4191842c2434fd3080f4d50d936b37be2fc26bda12cec78aca2b99abf4dd288a73a1cab7409968c8ba5970e0b2df21afb0e73e6ffe17f4610a3547167c6b70f94afbbae0338aba5c53795313e728cc2fa7251f64b9f9d88533673ebde7c07284fe79eb1f8f1c0e302a8f45be68f0d75824622a2a1f8eecbf4baad2a5efb199c61de2c685965649a8b8fdc330a4fb3a59c858653f49aa7ee9164708931b8972694420e924a11136c9062d32923f4688c1a45bfb83286f3f1d9f82ab4e14fc5cda1d4159afabac05238024208777a44a9d91582df47855c57d2f55bbf9d096c8c43b7c00974ed487001da443813a12d4105cb6315369a4255f2485efd4a5587412dee30874ea3183749cabef2a84b3f831890dc7f6847dc527faab413af040ee28bc523adec487d34f3aba14eeb7b4c14a7f664fa2c2aa0036f4b6c2b8901ecb15644a9a2d7616dd365dace618a0e6d73f9da75ec62dbed8b067aac6728fe4c20a998207ee681cd7bdd68d130fb9807c83947917be4c882f37655795e807ade78894b8028c4f20807c7fdd1ca78983b28fbc2710d97ad4fa07f2a89b466ee325dca81190884867ccdbe3746921f8ea0a5d71f65f057130c1f1e6883427b78ce4a02ca32e4caf88ae17a3885f442149918b728fa3730518383dc612301964e57fd20685d1fe291638a78d428980fe829017a4ba9e2de6f251f18b93a77c89f7ad8e727657b8bf5bc1434d156a38c7dff0063b42a2d5675353731bde3e6fd37627b60f0ba9dd08efc8f44f869f79728445b64c5f9fce9edd2682d4d6304c3f640f7367fa83c8648014791f8b7c0b8aabee30efc72f178d8c0ce89c8d709c10ef34498eadb2b8b1b9a97371b6b5dde37a86d4e33f6c253c98fb951aece30d3d18202188283ab5cebdc9a3ad9dad788a7496636515622e5863a6214d6b24a885dafa4b98e9c2b2b19ab98a1e2389c39b9972edcde170a1f1ed4b0ca94940926771e3c6426bdd728132e5931882c2a13790af06a8d065f9b0c973efbfa06ca1706710a1269ad7b2a3be0a90adb73035705c7f077ea192c27128185c6888dddee6e2a5fd329cc7b9829377748858a0609cf35ad55b9ece85d5ae2dfe2d814f062728be5db7b0ddedd7ed76336e8c5476ce9ab7e66425c617cd4897781a46f7dc1ee82efcf977caf743e7e8de2bb0bfe4882d6b7f8e37b6e84d877c46ed6a1e9794dae3ca71b93b14ffbe7c616cda74fe5db1ec5f6ecfbbe4e547d1557396aaeb6cc89969d52ab3334444dd5d7e26b5b8cb9670ecf748d49b8e483d5897dfc01ebd7750fc126aa45bc41704f09aa08b904a058b6ddc958891675200ec37b489dc291b90935a495ea2ad6d6d25ea6941e3d999dc97d40af225090ae6248d7915a3239d0336d2c13e5aa8d5451a20b1a7e83b42531b6e31a7e708f18c21942467703d4d09d7fed919ed4a76919e40dc13703eee462f4415c0e525045919460e510b500e5135807aa527bece9e8c006593f6bae37aab6233cbe5a8c2b704ee357acc93001463ca0301efd6869100043adbf67ddc7776ed9ddbff523d8d8d24a4a56aa7caf4dd9d90e4af81beff529081ee3b0b6e627c7110f728df6c947040e2a13afb5a9348beb6cc00457bf8f4771377da536c065d2176f16105165cdff7b1782590c9249de97b7fb8b397b8525a4b324a3ff1f4cd140ab3b1988aafa1347d59b9faada99d22481c24492ea38702684065257083560b193c23735d1d89e8a4a4636757cf6d02c774b90a4d733b0851f8e72cbe9e7c398e2fccc8ac5cf78e7c0591dc41ffe07510d46c642d7915faf1ae815598819ad3ef519f7932f7d5ecd42ca76374b8950e9e958b86dff3ae445d61f37e1b590b725c98ced29a3f8b44224b44331da208ae81110c641645df374de0b025fda5131f70f1e49bece494cfdaab65f8b9f05f22a422863bb0403ab6f3216dc8bd8c8d0320b9fa556a3cc53dcfa73f44b29a6a1c1a7a05d532aa2b37b32ffc6dcf71a840aad9cef741bf53978989b53239b5baa471c695e94e926481b1e68099aa70c4d328cccab7b8c501068324a7739eb5316f5163fdd53a0708bd521f908ad87224e9771a98ca706d84af7a346f84ac3dec8269897df36d2e72084e347b6c9c465adf7beec3414a7297130a9e931e37004d1f8aca8cdf43949cc7e818f133cd4fd8dabcc26b3858a32944822efea4ad731b5b7cf8f5cb7a3fca673a6341be6a737a3182e070f60133da62f2995fc70934a9d046b87eb258c94c109628c695cc5d8472ab30d32263573a3c41710a68902c1d924fb59bc1243a43347bdc943850815b629f80712c0fefcd7848c4aaa5bfdb4bf0394207c9c76b57a445eead295f545564d884d9daf424fee290391d4aaeecaaed84bff17e60198a62dfb623f9967cd0e91748776369e4e09282fbcae16deb033930f95b3f72dbaee2bac217d98ed7c9c96940532689f457a0755313a1045e1a132f17fe99a4fc615c9c08388f00c34dee7b500d8e7a1f771e6c7563e3c134f4105731539ae8dc1a40e9a258c7ca11189e2ecfb9d741b76fdce1e06e719d8257070ffdea47c679b222c010ccdadcb656b313fb71bd0774e5df3717020b8126af4f601660d5fa6006053355970599ac7bab9c75d545d46b1f42bb49a2fc5894262ddce929a92f249305661de20816e25b7f711194fc8e7d58f6f5dfb3ce50ba4f883cadb19f24f11fb6c882fd86878374711c93bf24f72ddbc77c44014b0d620042b5037b85b872cf80095aeb8306e91db16aa6dd74a6a2c4ca7e275516f7e3cbc38424bbd5dbc32e10bbd4e41c2048fc7386c64c8d5fe9840c4093d21f8058335a91f9e0c91b7d400a890712060608e08072ee0c0a339e1a4420a00d1fd002a29b3062efb5c0230df6e287dd00cb2a57d2671bf636769d9b35d673009174dfab052ad2fa687d7a3bd5bb3139f3907d445edd5b3faad4f306b3c9c010eff24209d010b5601c8210ec075b095cc8944ea90743f41089dd107ac881a66511bd582f81f37cdf10186e7eaa2795b6b19e1bf4b9017807bb4c4381053f146f2da3621a81fa2e0d1c65824adacea1f54db9d473ff58203588ca4014d6568aa089b34edf3588995a85a403664862553d2a62afb3f68bd8696a78971b5df059478557d60695224e174a2d5b4ce4a8215306ac6a614e983cdaee8dd3f9d3a67fe90d10e8eab0a92aac348fde2c6f31e8ea4918a1c91c6f61f73bd715497137e746fd71af0feedf42c6e0d48d7a2d2a02c1662e9932005874aebdc34e2e725638b0a5094563f43208824fef3ca76a0fb0390a59008e0db7162ffa9f08eb431ec5f9807db39040b42fb4547d678f7c7a98b3f2832e7489cddfcf46ab779ac9e7af9929c8c00a7bf3a4104c1dab22dff9612034720ea3544c1149c18a5ea9189a8c2794c818ce0f0c99d36340956eeb44da9dc2a0c8feafed4da9c0c10b5047369b38b93cad72541565c3c1ffe202f8ab4759e556bd8f2ea86e04ce8660198d514a435512a859b0bb237ba762125c49fdd934a503b035e210cfbfe0279419135505048dc2795f01b0948466deceb6549d878648fa96a5cc5f47d8c198bff94aae460f0270064b365931d04022330b706a2d2966e2b2e7ddaf158cb7a4a9161a817184ecb3a5c0842d6b5bbfb231a4f19ba56a26d867f50358ccefad017c250ddcae572431a39fbdd99938e73aa648abdce7833311a1fa768d69e955d5c2904fa7dec2a59feea9271c9001d93a8016c8352d5da55206c740bd570ff66bc19a4689f6eb1371aa90e54026a91180bdea9a2d4b79aefb860ef13f5e3ff90db41ab896eaa8d89fd6813d0d644fe423a175c8dd8cb9294a155aa8e96812b8c0bace7af25129003ba1303339b17fdebb6731f59cba610577093334a21e2e13999ba253879763672f4a201789b3771fbef9efc68f22fcbdd17b49623d5dc8678b907246971ab2f796c1a7f39e9d55e5fa8f79ef322261fab52cb71a3f7b34a333cc6c03347f84e812c72d5442c63365f8f17d851c0120acc0ae0fd5f2b79ff889694fff272bfe6a1b7c06898a522f4bfd6e278a63effc449dba3ab1e797579e2d4c4f53d2ab218325f6ddc4e7ababf81af36d2de08669b293ec48fd0cab3d02c46d294a851f9843364baed7b93aee2defbcba80eb4c7162ea6eb7ac2a4e6677c5f6c5501fd74e4b405a3031e8609bcbd8a35509310d5f8da19385fdae68564065ca3128ac3eb820d29cb142bd570134f29578f8159d266d47f650d03e1cda784f8e8f420962ddcf5f066ac9d76793853a6d4d0bee3af4989f044fe4812605b926e944c388e6fa98aa10798e0ed10bd11e59d7b344b8613bc2107d9903317faddff580f4102db8ea8a3f10c69935493847492927496c91866b5677086d73e6dda0b206840c0ac34a9036303c9beff69fd4dcf14a2850d9ea210f74fb2a963826a52a2649dd38877d893c6940703d30522ca5ee1efe5610d26013ecb2313b9ecbcb8782288c802fe62381f7c600694da4c457d1ad7a0bca9a3a5b7d67fa5f5e319b4f606335bc6eaae8cb2907600514f93cbd3d613b8cd9a3be62ded3255d17ce388c27dafbaf6098abd6543a28a5afbedd1787d422ca30c992c53e3ab34f9978a30aef2e657d99d559e5abf14a1d85edbfcdc94bf6a0637823fefd703aaa32de71cf46244875ad895c696d0a4e20e953bf892026439cca1bd8e72682c990950b45d78263c8edcb813f9ebaf2a1b27b36b78b3a0878b7a4aea2cc908aad6e9942ade1a47f613f5ebf62f5fd40ba17cb001e831a532969c851dea9d089dd12ac0b2511a34cdac9b830037f4c13d592c6f3f55f42f5c9f4db3ff84c9c76271160d249e3879d6c1d0ab535baba736420946312053cead6bb86341ee724f229ee3491abeb570aac8e8d56c0b5f716dc3cfeecea057d8ba7c82de5e379f931f233b70fc59780dabf304951dceeba97da8cb44162093b15cc43596f8faa79b758e0756211e4c5b7702df4e36fbd2af28277d603092418e833068e20ff0d3df08492dc83b6e5854564d95388f2c782241ac152d4f8f7b274d82a391c57faa026d51ac447ef30430d1edcd9ac633992e33b3bb7ab8c236c061a197f2079b8b99cd5d8ee91769e6598bbcd29fd382c348d400d761ce3cf0c6ddd8b52d8e62e012dbb2900ad05dc57b6c8513e6ef10ef03caa91a9a347696ee64967f91a8dea722642d86f086940757cefee8fbdc0bfeeb3ad98e74d3036c16cf72d24fcfb9a9284801993e0eb196f62f2653fe3e0616aa652d35a0b393dbf4c32e9d1eccf707aff216e4f3a410362fbbd8d6ee7109a3e7eb45a7caff850336df68118418d6ffeae213ede34b2544caca4245e23aad2aaf65210879247248e893fd5772c90ed8c7c64d3e0d0682b81cc4206e5282f77325ef462edfda2514300e0e398c28f4e658c0952644922d7b6b23b778aab4f477bacb9cd0a3caa2b13b2c56dd38ef28c0b08b39d0d8765a99307c976968ba8ad57563484b1a05bc32080442f0f3327b1edeb2d4a3858c1fcfbe953985232c7053da32af5f6313784e4a08b54c5a8e14766a7b18b5532b615059c84973ac52e63a66dc2a259df9ccf28898c6dd74ea97a3f6d5171b2b6ea787bdeee58b38d4c4f99fa49328f1daee434810830ca253d8128cf0587d310fd2041c4299865390d069534f1dec3b8afd24a026d8cc2a0cb887b1ba687df0fab46abccc9c62b28a480351c65c9dde269d5101cc78ecc73fabc86e3f4c2676e80ea8da0e607e42acd452d8a0774ff6731068f5abf491f174b779fdb2cd6df7bf36e92dca7873339ab0b5596d6448386b91c1422b4843d680a5bd14734bd3fdd168ec3bea01b09314d6374c80c2f327336045a40aa8e9211bc066dccb8fa01cc5009929813d57e624d675bb341f3a5f19dd8d327b01e734d4b166acce51302159db631cb34d10216a57397e030f97caefb8c6ac3590b211381e1b3c2657f5cec23a7a6dee351951f1bcf3dc0c2ee2cdb4376f387de6d52373dbec9e52b12194727071f9e5267dd8db17d4d9695ba208a44bbc2c0cefa09c98276a9526e957404ce3137cda9474138ba3ff96f5982b2e64b89a56a3289116f402d314c658618b603df091710991c8968bda84f0d1cbd1ebd9364cb35d9db9e1e9fdc8e60a71b6778ac7070600a01ef2bfdb71f4b276456c4d3016fd9fc03d1f8d0fad3eec615ef2bf11d74dc349b9454c29dc6880649c428bad9f878ac2d1c5ae41706af31f8591f8c41b58466ae3b3ee750254ee3ecfcaca1b6fc156a25f1f39c2bbac1f5f3f877969fe0c520f83f48cc10fcab67e8e3f129e28a59e83989524f0f7f0c451d32a11d10aa721c1f567921bc025cf11f3d1e64c63e297de94a65b0a83ef856a37a4be821bada0df15b7ab89fa95a3f87445b4e30050601f303330f1c3b73f170f6a610bf21e87f5924ae2748288cf04ede74380fef15129bec90baf4dc449a2dc1476ce6376d2e3ef7b780e2eea5292e63ab01e8c4a9f8932273fa36a78e0b55a0485bf672587875bc7388734e1fdbe005cd2ad8d3d31183db255ce8975f12d2a1f7fccca5ece5a6f0c5626db5fbd735dd18f6b569986c63cc64f6713925364cc845f5e4d2e648cbae27f73a8a7c948983f2d48283ef52c93c17817bef1b2b9204647ec7aa522fa165f4fed0be17c6a16bbbf9803e65ccf6a8f0e33dac78202af54f20db17ed78552481a481b9eeae24efb81e15d8fe7632e40d96ea389ad56b6dda0a58f785ab3e5372e17abd7092b8644ade5da2dcb560ba6417ff2ee61462b036001c6e08cb5b4db3a255b5c6df093abd73b3998ad907355112840d02cb0a347033157a036fddd5ec17a23383a3459f67d3aa08ff6b7bdbf2e789756635a5a97e137aabdc3ae5f535124bbf601a0aeacadcc4797a7b7d90e48a0fd96b3e6f50bf7d0b5dd74e70ed63af0123d482a22acb2b5ed3b5b9b84a85870cb02c03985d2bc9e9e41bef2c126d8db066a97f89a0e84d77348c23f76b437c5eb7770ea12d5aa16a79e47fcf43462f9022f5ceadf0ec22c7137a874ffc992066327d295f6838b0d1125c27d68024bea5b84ae6a90bf775c00421498826c94ab98fc01ba7eb8b66475983c6bf3bd36368e12a0db945f585657df92c473d1a4ca28266937fc10f93cb2bdbc2d773e1f881476cb7e0641311425a5f8037659b4ccdf0e2f4dd91a398adcb280c0afb2c0526b4bb51df8f29af872d4a8156cf735b28b45bfb412d6891f9b4037cd45384aae29596779e2ac5f123f8f1615546bce9e960612874e74b9d5581f00fffcdfd64cd50587e47a5f64c8aa6bfae30853f9a8020bcb853b6efde7b82b13bff67102979eab4c6cbad111bb2bb86a11d5161b295ef892b7e1db06f1098c3b24d475d61d7af1ee5a214e0df64018dafd7dbae0b1552c892fce2b2bf30eecd4bdcdde5b50638fc94b07a9fbd9a3b161ce9a50a314028712b8542d93615df187318579b6776bf6efa33e50521c1bb19926dd98b64a67876dbb406040358a4aa949f77fbd2a3ef776a278138598d1cd53d4b1aca054fa78f804c5ba71bb47e7e7228860a26615c9f5020e5d3785dd9c23a0f39a15dc22e365544302a6aca8829a67626588d6c5382fdb1f149aa21e4626dcbfd9060f58ae5dc34722bef39e7f983c8a67a859129271cfbabb5a247d98312504804c040318686ed64ff3fb0040e54287173a9d98839e8040e9d6aa30471af7cf157158944555be95b0bb28ffbd20a0a2e255fa168803cdf863c6e0f635c19b008612f091cea7f9655801f5c7a61a5a2d3083b9c1132d8661c2b1be80e2d55ad193a5ed0b18b07948790e889ab879cc852ee7c3cd7b1c55f30638670ac6213c12b75dcd603d869584a084e2a785e10f24af396b74226d3dd1afad3a1fc30a896cf63c93d21af3ec76766aee68792877f6ac6c3db6668b092e60d0c4d617bb4f5bdb5dca5d2388263edfa628f1b1f5ef5fd5ca25621c4f673b676bc9a428d951958b9a4a7209296be83bb0b841c713e9c814d4ba1e9e9267c6ac0ab529e6ef4ff43831aa8c5178ea74e825e94dd0be7c303e19fceede34ecd675787158a36aedea94a06f289714ea4209e16902244009739bc04f714a2aa95386b1fe426fdad4f536c012de12b52fd3c2980068e275239e9fe0ad957bb867f38b3bd2b7a2b95bd9d3d6b4bc523519d9b2efaf68f576e39b3604df9a205605dc4bbe9958a4729e05ad80ccabb89e2f68b3f032032c9edaa9ca3b24eb884c9df7ee13dff00a575bd3ba810b74d7f93bbd106fc7b69cbf7b1109ce3689c109113963398d3007d52220ad420051892e83a320b3151532979868774f3283af7e906359acf2f44539c562a7ea36e9e776b22b702bf497665524da397aebe891858bafafe7170bf1c359f2aa0c6d83fb447fdedeb10f5b4959800891a6476e4ba8c0f98e5b6910ff826bda43c202af1b6432c54938bff2f0f476d311ee3d407df62171239a45e77f75c5ccbd61d95ba120804e5e905a35e399923700b8ded0bff085195a2d2d5c1bea4bc98dc27ca5076b124b06d5facce559806318984620998f16037bcfc473765b440ce5954288c81376086b8cb15b555dc42b228935238c85095bbff9a06b8ba99a3a386f41e7f2a838a5bfe0a83e8f4064048af67ab3711f158631ef9b149f37b72ef762c9ddfdbc5addc2dd75f219a261b0216101bbcc4196d0b1123688dce6446bc8bfbf5e8c8935363449a407dbd7d8b312cc8631160e8590586889cc0e1bee84d04547554f48e10618568cc6396af5f8587ee9cc7960afa58b9090cf8b5a16d7052c4bfe58231dd31fa27618c73dccb34241df08df68ddd74f0e425fb92cd6b71f6b1cced477bd294748c728308893c8dc5bd5f74b12ac66a5dac5f51d9a14ecf3a3af3f331481f7fc4c0c10797cb191545cfb200450d7eb641e1f6366638db72499f2d6b452ae32b7002b6375f61ec885e96f91975d3adb47d6636ca5634fff299c296a8613e23919adfdc58c64737a287a75d4fa5bd7c36e392ed8c7b632b2ff699a3d5011125ba85176d46c14987cfc02496973cc7b49fabd02d9bc8db796669e0ed89de5aa9e1936092299af416d550a9c52e55a092cd49e8585334fcfe282978b866b5dd2f779665177882c943a91ce78d7c9c6991933c548afe97c63be46a9647353e2016b83dcc1785bdff1b7353c96eb7e83f4b20d5a360f997cc3ee1c7501286c77ce35f3dd48f035110cf543fc49bc227265f15d6f56c3ab6745c86745f407b693852367682e67214c7150f6067d78c3ee8c480910c07cf99b379eea25b872b4e19b1c9fc752602b7149c56c1d43b8fe53f99816340d0c9345982453885972eb2ef0a6cb5fc56c22d9c444d1878864d0f8db919ca3c46c94f56b41a110e1c6e1c79b2d0af298d374c0fab97371fd9d58ea2801589531c20b4f4ea8d76726ca657cf9fc4838976973b07c2c31068d5927fcdc13542571a9f2c6f7b425380c5c7904f990aa8640734275e1c62371513e17508c4b7a0134a7277440d938dfa44d14a9af9f96b6ea6d86c50554a637df2db460674a5cba171647330162b451f49825e8aa6c445f8367a30188c8d3dd12b72aef9c6b2f418ba0eea354567f9475cfee47a0d8ef1bf88bcdd93a4d926e886ba1650e549a59a958ba805fe5aae0596a8a02c08b748b9dd2b697a851ae32d82130ffff30493f2bee7d178414d8bd7f63e1a035ebfd5136659ea3cf249592e8c977bda5b7e2d8c959b4c04d2e2fb3b9dfe7ea5656b414225150652c433288c1e0ececdba79929e0dcc82a2ec0f2d00ebf4ee5416ef694b3b4d73eed7a59ab26115dc456a51f405358906480538286e03c47c90dfe575b38bac1bd54bc4e3bfec7b03142fa63a52239ab24f81a375dc98c2e91bf9863287ade2900e5f7a1b2fe11a858506ba79bf751ba213e3db795309cb2c025529be52058402438b5dcd00ac1800755ce7d45717956ae8eec62c96bbd53ec0cd991922f510d9e67a5111e7b88d15fc7bc54e2ea34b358d83339d93a91451b8cdb4c4828b3da50b9dfcfcda1c5f01de6f18675441d2ec0c29f4297791c7cf74c2712bc382a9f88b54ae107c45becb6775e3c0bd40b3c03645a021655b4439a0a0d36aadbd88bb53adedcedc0f111eae29bcef2d482de03cee549aef3c995bd9bb846ec4320448329755f075264aca13453e4668996833e7a7b0f51a6b6a93ae4ef745a81223e0697272bd0697351aabbc3cd30a886027c3e175fd223af3a50f22b0fae4fe5fabc7110f81e36ab425a627fa8d5d3fe0c96832cce131cf6b4302072c4908b1e984c9e2083750e513031ae561b2fc50f95d411048023c6d9df379ef4745d6a04bca19ad100ce717425d9fd858fd1a4bbb1744c5d357d8c317d73a7b13bd107dd02aed334ba85341c838b016f0882bada93d04f8887e68e48de1066a06543e659567f707d0f8cb5749f69109ea8f26db93f52e6b4f5144bc6618eabc9b550238d22703c4787a6877c277970291047f50296eae164e79e2730cb45a13ec09dabe591e42baa5a658e6451f66718abae2eb64582501ce50e02159c4c32bbb4edbb4136c35a67b680607ae0e6cdc1f23044a8a6e3ea4a328375ed7d5fbf387a759c55dc6370f811a259154da5215261954e23a9560a9bded60d1ff7c4dbb5792867d29d182ff32198150b0926f24ce054676fb5a4d4aff5e5ee31eb4949935f267ca6f76e0baffcebf378b01dd0481c8d0d0bbaf5f00c23fd53d507e42e8939d0336c4e84ae1d24d2d5e73a5a2fb601b0d8f886209e5c933731152a7c2ffa4128f269a16056a44c6e483457ef0fb2b95a59731509f812dcc3b0aafb1626ad07283617d793610cc56f7b2318e42d630389b7cdbdb73b37e619a711a1e73a0f731b467decd6744160cdc6372b65de5807772f0c472feb0c8f04a3a6a10b2ca3eb37c1111769ae0f120dd8313c2426bf12bc613c1d806cc5027273afb92f72679107d8f609eb956eb8aed34697131f12968cbe480dd51460ce8c26ad16e8a7a4139cf30e7516a48f0259b83f476b600644a80f57dac3e0829adc82d0ee677cf338f48208cba33d1010b64adac01b7e3d6350bf11bc51df5a20e448c81807308716ed578f5233f7745ab233faa90f32165308e21acc9c0040b0db3ba0622f8892bb285ae49a7b4dd52bf47c5704f9cc1f56df58d2b523e885a722133ded84718d1479b0f2c784cd7357bf7cdf7de51defb1305fac4fc7f1247e2b2b1e404b5c9bf1e4a0a9e9d31099494b568baba8ae8cc393e8578c0dd1ab68e5e567df21749983f3aa75a0b4d7594d0e7b345bea598dd4871a5811476f7ab181e0d0c94bdb4fd53fbfd96939d4dd9c21e6bc6fc443b30478fa6626a227fa9a811ebd61eb29cff743c9fff380155f666ce78c2aabb247ba717fd13a74c307a55d7519a0e9167548c95d262028b649c504e3f62f309aed086eb42825e4019f28c55b1678678dfca594062d4c987952cedc2a2f5687069271e11b716644c0e59ceebbb2db8a9cc0b6eb0054248f8e4ab25b2f14efff27b4966c7ccdf32d05b72a003fc21a8993ab4d073a9257d85a833da1639b83d14e5e63d8e34b287addfac2b9d752e76f6820416e5b10d78fc7f313ae81711bb57acaf9398bb3266ccf5a699da5e07e216d0ec464200b80192635b54f6297773d2ec95a3f6d91f5e1e8fb6baad808b4e2c8f7e685299558bcbc669985118a24c0079fa25bf12e63267da0a2604a70f01cd03a5caa349549ab098c525d7714426a0586b52cd8fc8cf67d20c229b950b982bb862778ea482d717458f3c1ee91d56f57fe69632ccb5d391a0dfa482791a9670ce87184a2aa9d2a625be7fe78b3bf93eeb35c703a1d00151173f6f0eed16392ded4058a3861ad86e82c2a52a1c1ac9afc85ef6e3a8d7d0c16da1116759863a9a708359e77116ead6b8e0f1b24145b54364e1d1bbaa4cffcbc56f1034351442a13c33bfe765351caaef2804b8ddc423743edd0181aa78b142c48959e6a3e52cf6cb73ebf036c850b9665d0ab27de19abb271278c848cf7427c9198e6b04d3c09914ef6a77eb07038838c56aadd5b9d052f26098e681853dc2338b25a29c39f4b7fe50b280010155145f1cc937fbaba546ad0120287c28023e997185d3856e0d0a1819e91190d2c517bd1510e304857511a9797f611bbd474952880e21ddf509ec80477527da01fa72fb3332ea61af2f927bff31ab358430d1b33abbeb3c9a566ccf0a52bae8e547a4e7b8c290fc1fa3cbbf22faa5edbb87944114933a7dc7763d03d3907d46569b619c8e1acbc4e4c1517759fae8ce07241b2d8de86143e66e73e25a86c4c3658c4b50390ee66a1fe6ca75422f168f8a29586d59207d5e6b702d6a50298268da6377f752ee49d05c53160eab2937dfaed015b690ba3e53ae78c81630582ecc21ba5e2933fbbf6b20a26e9a2520f2d685c70f9ab402c7a5282ccbe8dd58845a7012cb078167c071253012848c8f192be40cfcb00b4a468ce03c6be39e6b4f740fadc17d2bc6da564bd6d093a6b2ebdd8a3c35cdf51b9414b1cd2093a4498617aefc7477bafc75132853250367b1c5d8708d3c3fa7d886c949f7abb61f24bce7b1fdd3f9334f0806c7b7506572bac194e7b2e9e391c03f89d9b5d5c977ba510d72181acbf05656aab9768673a8911d98acbd78b6d7aef6e40d038562cf8bfea72679bb44209bdf99a4586a6ccc8aceea5d29fb3dd6620dbe613ec73de28766957a533ea247b1182103775b71d3dbf09e702895f3a3a0666eb5b8db9a82ffff71ee6cddf531d069566a525c810e536548a1a513d148c671e2194b3773a0d82c344545764bdbb7a479853085d54c5e6ca040ae0e8137ac73c2540680d58bff4bd6adac8d172150611103af244f1d8d91318e93ea74314bc08aa0c856396a066eba46d5e8358610990da7eb03b5363ae39dd4b1b5b5b81a0b5a54c853e1301723083bc3d50614f518d26f528ded6376a22451375bddcaa66aab88857ad7c5d8ad7d7cadc721cd6f41bf52fffe07c97f639b76457c91981eefa9aa45c1712c3ea849eaf0bff819bbf9f3cf92d2f9ca9963d0ad5e61dc138589d163cdcfc11dd2dad307138cc44a2a887feaf5f2b8c88c387bc2a0e7603cb5c7bf83c487f7e5f5a2652c3c85a4112b1eb08556152e84b6d0cfd896dd7756ce77024f1971356651c6ca6943a177598907e6e273d0f0de88da64bbe1ed6f6f33b754b4186b6c2ab28b306a8a3e3bdebf26d51cea956920b502afd8a6b01207aaea235601e31fd673b8241bf27467e5d7e6214e7aba5404a62f0a1e9ad1d42b6301225cdff273115604650e64ae21c5e5c377e24ae5e2dd73e33a952ed1dfc6ed36f495786b7598ebbfbe345086ec4e39e23b9f97bfe5f9fb0bc3748910d630325f58db0de9d1d764ca500c3d4d900610976bbca2f9ba46827374340fac17e6840cd70e3319b37f20645d4e9f0b1565311803b97fad00fdbaf00e59459ea7b26a8afe41608fb1b07b6834017785996a3e8692ce1eb5d68a3c3ad3842f15cfa0fb1e9997c91e8bed05695170ec0a32daa9831bf03e09ec58458b7d94fa63bedeb0032b26dd012125ecfc8dab3845f7eaf5c5712c8af7e1f87b5735b21badb586eaf8c82cb76a4e8ff0e88ec5243db395c6af1f11abcf359f65cfe575b4dff7e3011b55b2fa5a4d2d90b2555aab0d56d07d07e77513d6828a129b3913ea4096c0d1c199d37f85fc0fa689a1e049cfefdb2d060e26c913ece7ee7cd188241453496356145bbfda054f6cd23f1b5f98394b024f9239a30f43a2b8dcec4a7306d518d2658f39e327719301b48490579ed781f44b23ee7f958e0063a9b2cb3ce756579884de413aadce48c06b4c41b6be73f5756c5dfcbfdc6a2e1643f6485141f9d009065eba2197ad24bf7c55507ae91a037cf2783e8d260100f37ace7eccbaa299c9b33edd40b8bea2755d1656a7f48c743c1ac19a595823373cf7a12ef5c4779ea88ff8906c85575d9cc1ea5cf1d61e3aeb57a2c643600f2757bb3633ce3edc808b0aa3dda69ec3e65da1bb83c7ed0fb52f12bc62dbb7304e95dbea07eb2978c6b626f1880ef8fa11df68bb549a9aa22e8f0756bed015d8d1a11f0c94ba15e47a5c8f1159bc2ba1ddf6edd4a680df4904a187fc951ff626619df7b7fc00f361b0346c43f4ffd6e6eace05905cc91e7193545c400bd5bcdef1d024b638022468f798030e916b2a46629716b57ded409662b89d2f28173d8b8c1a8201a8035e160150b2c92f6a6c290b601bfec90080f90c0fc2f4f554d83242901ee9c8225ceab7eda26c31e217803c488d21853d6666b9dee44f0f4db6d06ac83424d6f266d888f827a5b953f2e0c6bf885e83560cc02a62fe0e1c4b76afe47e4eb599543e3e22c130ee3be86d0ac87fd5727e1b1c6463ac47a1bf5d41d961adde1b1b52d612e359cc46e38fa2f099db5c63833b688934ee6cadca814b722faf1dd1086f0c99ac55e10d5dc56a47297de6e9f57e6d5dd24e487cfdb54ff2eed4d451f02ead80af2e0bd46b0902aeb174f9fe8901b7817d84d0ff59151a2ee94f7dc9d73046c8046e78ab187c8f22159177925e8355bf6a24f80c0d286f1005698b2b2d74268bcfc3210515786442e841dac43c047ce9163cf6486d52f45c1a38974d874b3f31e4076c4ab8cecd8c6f791875a60253b652e184303569545b59a04388361d7333178922f19df49d046e032200cac14426b716f3352210786896b2640d93fb2a281b19f13add96bcd8758d99c4cf7cde1e20c5ffd7606701cfdd4c0999b4883ebb23bbe3ec702921ae5957af2a20f0ad98bab47b95ed3f705dd085cc4e667d87ab9d3cb37a324f18416c82082ce7da310d97a989b677a4957475119d9d43a210d756f04bc2d3ac508e4f3f943860d05f766e042d2932fa040e95abc534ee1c97e4a3a50e4faa183f53a5fe66a0be1daa9c3e1ac9135b065b7ff9aab4c865b0770a7c71b06b6bab6fec5efce847aef4e068297e228b5baeaa0fa02dee375092c13ae0347951e6f41dbce63e0c22d2818cbb7e27f524242d3155ed936a2e3ea823c22fbd226bf44ec4e0490222717a66169d76e7ffcc54cf5b64c7aeb6dee45f6f7f10456c35630df047fca387971d35a18e0d505ae713cd81c5b147581896755ce8fad4f62ea78d87851da052956b29192849325d6a2b5e5139bf4ca2579c28c373105c96f3053cfa80c7b2f8bf75e522662cd991a50b2be6222c16150e529181ac25577c5589f4c3d67c4e36a320140921f4dfd8d67d932d9d5f63c2c1e849cbd8aefd57a89f3eccdb97c60f2f0cfd7df3a9fb2c3f35dd673db0e2b4b8f16c5f2e46ac3ec45ce9986d38c52d604f20637a978351ccb90bd671b4d0e53efb063b6c5f4f3e8589f9305a33a5de1c573dfbf90537ca559379c43d09ac8beb59dee5030a3cc11baf2df3f3cef7f1d92bcbc9d7226563a414e9006c70234e918b0a3a6ed3f57987f25d3de8b22edb3fb9dd4c41d9616618abe2b1ed090e369252a271b1559ed9315382eddefff82230b108c7d37abe811a2fa3ca25be9550ce70d9a0e8df0001576ca4612ada6053615b8743d1b6a4b4f6163edbea34f512fadeaca8fa5be66777ebf2775830efa7aa81307657f1a7711647255e66b68a548b9ccbf059af357894a289b5b40d6f94495a06fd8db8b23ef9aa248d78f2b452527ade6e9484003524a277d5f05cb59b24eac4fdf2ec1526ddd446b56dbd3c98e77217e6e00f5fbafd27710a71549860a21f955ac947945883115a06c8b94f2e961b66a3b930ed20c52d0f2729aee5d48180161b62368e3bbafc7924238f7e933a51336fd9de48d171417076193a85a7c8703103cbcfcd0d61c034ea03b57fcb87616f17315b16139ceeb15ba6e73f99c762c365194d1fe7d13b6f7184c9da0f608a4cec5a4d5f8511006dcd93ddc5051643389ee1405556f597f866b6faa9eda48af7cc696c38e887d4366b1eb1c3f01d995afcdbd536b63809932961dee11a360ed6c8d54602038153c900ec0ad3f914115594912c7a08fc8425d4e645a883c856aa55af4ede8f93e1e847bbad099300dcde9a50a9c4a1e503a524b81b44f2a9029a29b4be4dab7c80039475019c2efdd0337cb9a699fd527f43d6da3ddcc596d96cc6315f524aeeb6499f87d93e1a690ce25c4abd577ec839f43bead9f49947635e7dbdcd77c7e84d9c2b5bdc15b34565343d2fafc61daad9af27ec14bfd00074cffd66d0296bc6c3f386f4bc3684a80338aceb8ce01edb077cb1a9cf2694a0313744af1098686547af650f7464c738af11fd181361c1839fd5d9b7a93b9597a6f47a75e024f582052d7bbdd32dc9d90ab4848516f157fd6d4a32390ef8330112ca406ac149440227efe2fbc303e1a5cf0f3c078cb95ddfde588214e34df1197d7b5ce548989717ffa2f89849361504c718de833cabbcd4a820b633b4d205a44a3c152fd995cb9faaf39e749aab04cbf1593f1067d7ba79b424134c1cb387b17b293bfe88e90bd9ea952660e389aad0db4a14cf13fe97a20e2b60395562ff95a498dc1043b8809af37d9e039d77dd9f3b8afd945af0928611b5c58b5d734ac838d7888f5588df77c808ea0b5a989fc89540139da448c781ab5e5fbce6cf9294687e56d94b8075b82a8b361d0bb2ac8e1d0f0b4add6d5cde36060ed6ec74d998ed25f214ffbcce271ad5ff9a814e911f9b3ecf0b45c4775cfe14ab2d19e423c88540125ada9e811b6c5751de0e90308e8d5c25c3588666f0e2bfb2f130c0dd9687698a8589359e8845eb3aa30c16b1ae1ebf44256d73ba3f6a2d6935aa9c78619c62db2341a43a37fd01fbf92d2baf27847ddfc1b97ca44ca1edbdff0a89a556d5888fae2a9f816b996b6bc5f5707dfb508a52cc7a8d25c94876ec1a46b3d837f079f062220d39f4b7d1286838736550f6531121a498c8745e3bb046bbe752e191944ea11a0bb3e82fba899946fab95e2ef7c0eec5016822f93a6a637f1ec932f120c5aa598a9043b950e507af5d014ebefaf11ef7e2c4bfc91099d3d94ba67ad3e543c96d356f9f5c851566e2a8fdf2688f1c9b75f22860bd8eb88c7b2917703142e1d140e3e5b7c7bb4a1606904a8e3ee6e1509ba05c6879344633d23103e32fd0a92d9da0a976aa2a5d2b89f08633290e784087264097d2fdee8e24da3a877c73af2c6ff777c4af4927a18a5f6224d97102b5c644f84012a9edef421c2668b50b567b963725eb9a2685c1fc6cdd463c8f453420809a146dba9dde321313a050e66ed429fad6bdf77eecf45c240716ab497515773e3f3acc52c4bb12a36e7bfdc8b284a237cbf84b0cf5d57bfd473eea1944da93679f9cad57280bbf06731a1d067b115438702bb42a03eac5934aa76226d7d8ad61071cf696e22f86bb4c3f6f3bed47bd02791e99c579219107854181d90683dda2225487f791aaa9d6a853fc95ab9923c3b9c8187c41595855fda28056d5cbe4f9435c795fe8b28ea36056b5e7c5e284c700fc92c7c1f63a0bc096187bf681c50537cb8a88a4ae8de3ff7e6784a150397b63d6c68b74d4f64077d87e98e73780fe4a23d3f1c78ffba7d76f531ce2c21517566a7948e6d7703001fef69745be49d95908b5d501fb4e5494e28a5219166680975a3fe0077ed1a3faf6d06713679453dd46c00473f755f7ff9d8b4d7badad945156deaf6fbeeabe0e531f8c0f3baa18e7ebb8d4204bc06d8541209db1d0265a7846177731cb1ff762423486ed0e66be8878fdf094d28e2e75397422f9ce236036254aef3637bda72fd1da26cafb2a3c71213a7cea0981107157b5639ef6f345d746608510cffccf795c47b0530f0adecf6d47ee53ee10805dbc9e7ef795f47cee8a7933c8a5e9cda437641cabed45a9966bd104ae10c26b5262078b01bb5c071618fc9a8922b25a0b34113bde6af3b2f6274297d62f3985e95fe44ab8b060bf6698289ab7804816de06453fe8599802c3315138506b8ec029904a96136886d835dda0e8ab77ba24193760968ccf87dbedd755a35dab623a89b36050254a85e621a5dc814f26066a17bce4f8e3dc4d4d449b16e7d80920d709d0abbb8ef0e6ae3afe65d60884e985fbcae4af6b542641b69889a0dc0af332dd9e36c4df8fdad5d7a9c8d11011fc21d0c7cca546288226fd9a917aa40bd09a8cb9c8c0fa9cb50df0d50048aa3bf2a138b54686d8f873bc73fff11409bde187756fd714e9cba85310b2f2d870f2f89e7aceff3c7c3790d4c546e09bc4935da5a44073c162a77339bd91ca3cf13ba0e17c23a0526bc486f9bb00682303f1737ce6760b17f45749db9af2f2a17c6ab6fbf9eaedb95f65d226275599745296690e66164381ae9db62e8686b514498372a70fda054a3a3626594cfa613fcbcced338d3bfc7b51a1d11be95647ab4cfc7faad9f61acabc245ff3c08a662194b4cf80261fa906f89dedc0a5913e93c535a75edfc6b17fe5c7d33d5058f6fb43d9ad49b77f00e19c9cdd0d5e497d5e03c29c09a341072e68a62ca4bfad578c4c844f6b71fa264889c72d3399330c63f5f0895a9cdad1faa20f2ec4a21ac0969fad08e5d8a6a7bbb2f49cf7756cac61b4f92cc2173201a602f944ed681749e59900a1c33150be0eaf62fe7fa9680265a31cec0eebb2fc076414330b852d4040b3a4538a52a3ba22774732072577a25430e6b67ef7c73e038be056b808a4c7bcd831e4e89842e98dcf235cf24117187104cb6de94e53d7b9dc0da054b5fda1022139fcd41c3a3ac08b60b7ade8f45ce381197854765c7cb31b528594b202ba506b38e05b588bf854f376dfa4ad8d2150b7c2374d06c9a0cb0e24945b27161c0478ee26eecfb2609030ef5ffe85a2c38ad9cda0bb6f6ac667c7f1d5818030428d3f5d42d9748a35c97b41ab775303f374cfed6a52e9304887ce1e6cdc3b6a6b21d334cd528486c4318074e3b03b4ce10477990ccca19cd6ba505f1861175bff8ac18f62e06bfacd0215cb3ee66a0923597404ce7812adb451e273483d880fb594131c5d3e752503bf492b813e8c71bde2017ff74a463e9f75bc256af001bf034938b93c00b073133c9b121a4af645adaf28ab3d7a6de0247ae7b5ac3d9c68926b947f8aad75907a48b057805ac05115f062e1c86e0b2bd2d956513328ebeef8ebaaf099e00bc2b2d49b084982ae04b6b43947348edff2fc09ba9b7c24c53596af1a3ee63d555d121f2ec629b5138279766353feed5bcb7c7811f2bafa0a123690a5715b4d08fe3ff097124005a085c96311be010f1907464f97b5337ade64c1f19a3d9300d691385b45c43eb8da10f3b7a0b03d8e2f828b66c7020c42cff0c9542ffb17d96a0a4c466050d1c82f2342c065c023f00eb7654f1696ebe6f2294d57ff449926c5c817dda901536a13b00ae5a13e781b93c4f69169a4f79c60765fa537a61660441a187c2291dd1f438f7c95c68ed9f5691602b6fb4bd32deacabf4a2ae5de23c4864953ea9855fc4144ea64809aabb420c6858e008110bd5de717cbe2dcd7f9e6bf8674185fafd218b8afa7419d070979f72fa556657540ebcc3f1a80760b4bdb63dc6e119bcaa56b8f962389231986fbbbae1731e72b70928362dcf453ffa280b572c4af4106595f0deeac9d8738606fe26b62daf75fbbb424e95ff723d7346f6ffc788dbc57a3037d852b5eace9c99e1708d98120d763d4fac434c113761a854d082884ce97cd6df1ae8b57c04cad7489459422aaec2e24bfa258e4935f069ee7a067eded65762939213d0e4a0529556c666ac5908692a40e274a8e4204d08aa5da6ee31c47a79f1abcc1f271f36f1ca7926dc1bde0359b94aec03f2abe98c1a5f10d423f7edd299be4a3a900f3500b1c0cd5c0d2261eabc8945fcf9c944f896287f2ab98b64d00ca77f6938a09fb8b4a0ba9196c55d14e1011623638e23ddbfdb9b53decdd509fc888a2c06ce5836efed2c2b7c0493cae6bc181fa67c228ff158cbab6c7d33a8c7f41609dcf60259f39195b451b4ee81766fa484e3df97f87f1a5763f6956cff7775c06c765063493bcaedface6e08213e4fcab71cd47bcf1e4edf8e39f884dbfc72416e09d5d4dd6223b3da2f6c90553f8f4f4b962db25e637afc6977db33676022971d869ab6d9cde6d0bdc7f7dc0bce385a6711971b28e7bd1f94772c95acea9928cd10213cca3919e605010d143288d04724541a67083a532054e7f0f5ebed98a9158944ef4db1a5c454c018d73512e95b0173ea198a3d04fb114e4df7d02fd94494c6ffba460081937aa5b88e3832c69bc3ea84aaec7bc5a6b82219ea9b58ca1dac0af139f20e7830d181c0d349be883ef810bad9ebbbbf8d14c9e4f1e57f116363637496fb30f9ecef72acdb9efbb6f301964e1dfcacfc669e8bb50619721b76e78ccb18760cdad92cf125b8098d250b64174e7d800086ee9c9ff7f0b2645458557729cf30ff78127024a0a2b6cdbc4589c8c77ed6d21c4c009e75e6467407a4eb058566c34e92fce03b41c2510c38dcd6c7ced80b07c275d9e3ecca428a8d0f9467073da53e2e58e18ade63920dd84ff8e03d3a10862a6af157f45df25bcb7a97c67d2bf9f254e8c52faf4139f017f38c627c0ec6cc4ced49630dabd073b6592fe8e99034eb2bce384a617dcd6f746b005c5e9ee320c7d64854d46b226127118eb80916b358ef57921cae1e24378c5a7719bf31004c620545fc45d9053b93aed3d4095d342d1d020c429ac06f14ff6b022fdd9c741199cfb871771e06b290463b3079ee609664583c8b03e91155f693a39e451a4923b4fbc1758e7752d5739f7adedd04bdcb50a9d292f7f1408d06a06a1252903eb5425d1c747ba6a506cd93b204025307e9ddbfb1416cf4f2004b21e195d78a96078b503f7f671e25dd7588a77fb6ea5e20d6925c11ded71d9ed70a043f4ca352ae4676a8f7cda319f9b1cdc7dc8997796fe0ab51bfaaa41aa10e745977b92a0950fec545aafaedbe7495354dd30fe343ab43bbdf8acabe86942817a7aa5a539616c21e2bf025cddfdb022a54f0a613d38384bfa8e260b32c0fe8897829bf4366a046b04cdc0da0eb9cfb20e22ea6a7bf4939933d682fec46b76b47e45b65e5c5e2658bf2ae25c4cfba3343fa2d26ab36d37c96d190ef55ecd9ae71efc9f364c395b33d31a54b5fbc9bdcaaa1744cedaa0841c817291f32e6507c27732fb388c2677d7b6d2467a42339901f0ddc90639bf4b187fd95f637b8f4d586adaaf2746053ba45e62d4b98df56b7db499bc3ca942e8d644ae6c8599cf0d6852641013f5f3e7028728fb844e17a15ddaa2f7c9d6a3bb6b28e9a74e72557b524961540b2666baefde3c0e9f5c71c640db52eb6e7b1f4f23f484d1903a7c0c319e9a8bf87ff0f6669c69a941b28ae528f425cb6db37a0c2a3f86d61b97fd612a8095829a828ef48cf70f08274eaea0af7a9fda2e1a2f7d218d60c672b94075f6f127ad719bbbd269293eae092536fe4323aa63a6acfe1a8b688f53ae77d7f47a4bc3bbd3585bf707498cfa279b7a7e4df9478918408a9d6f5b63ab4b6f77a09f7d82404d63e08ecc1aceb2ed8900134fde49254cda48f2b5a97d6f596ba4feab0637a474c5ad6039fac2faa037975b8bdf6d319a87377abe761cccd9b1b34101a632546668028946ca5943e0752e07f6e1a59241666bb4f85e57e255ad26854798d6038acf724893c4c3eab2637c28e4688550755d4e6f3f8c21325077a9d63c5539129353edd616bc5e7ae70ec540bc50ef6ee516329883ecb37f110b8aa25bade7827974a14ab5b4aeac8a0ed2e5432796142fea9ffa2fe2224a120f44ece0a0c4ec6f1cd7f355f788f283dbe0bd337ccb5c5d7463b20b016c9d288f249340f114071cbd859016f5a4dfe794ac04d965b9fefeae21f08b0ca50ae5443ddc1d065242e74983e77fca5fdbb4fd0053119cdb2ca96a1a7e19785e4b4e024f7f639eabcb1962301b882edf5ad66fb4dbd96ee8b47ea26b330d16d7612c9ba7b081c7f4ece0884d4233661c0eef381e8b0a75d078b354e66a0fcfd12d1f32cfc806c469fe65439cdde5ecf81cd40ec8834a05cd10e0692f028363ea4ca8d1930716fc0aee824f53f3dce65e0a81d6dbe371e91df199b40131d35be0267ec5870284d0d8773575dc2c6c997ccb368e3266f0a4a2b03b6309964c844100c803fee1c038bd36bf0450e4f28d62f7c7e7462e52974aefbdc24f9e73820ef3493d81072ad0fd6034feb8019d4f1ae2e88714ad5deb0b07929e36c6f7b4eb3d4e1db0186a231803a405dd30a53ea56feb156bd02edf15ba65aec242f199e331fe0963a1b1eb1796f6020e602656cb19b9dda044eb4d1ac0e7d246090dcc89f5e744d775deb3fb780de102e7508c8292991af900a3a1badd0a484584e9c8b4e4e3d5fbc74869094817db24ab4d5a776d10a76f26b81de2914a72ab4d030a87d6215f808002f69b4a2c8324839d40c0343765ae99c0aa7e6903e187cd1ecf8123f3a3d1847fde121b9e53c8c3510a96944de6f541915838392e086d9e8eb0bb938acf3cfcdb16d88b4325b0cf4b799ea6ef208cbbfd720710e08e56caf2499f78c1c11380120d9f49a80f897df05152d3784e4c599dcb34f83a54b961a30c816fb1010c62dadae0708e87785b4d9a7b4a7f8754df4dec107bb157519fd400841a66c0687fd425913ccad19d37b08411620f59b5875bc15f6d1d28f87ee4ce126a68979aa00668f9cb5dd11fb8e9acdf0949d199c5de83d20b91d513856810feaab6500349880e8f7562727473e75a067e5c031d9f311cfdc2fb4a5233a11024a8bf82a46fbd57fa3fa56e35e717c00e6807ec061a88dd8f468049945d7b854efb7b5c1245b58bfea8a23fa8d52dc4c9fe4f9882e46e7fc9d35e242e93ff0f5fbe9a8bdfa9ff1aae12b1673a878ffc5fb7fad7282135225be6caeadd2835b4657f38dd8d9898a1a06a15cb943644baa9e56b8e49dcbe6129a187a4f5cfa4b62403dee207e01ffe19480e1dcad3d0a07975dd91783b4b0334d4d29517fa51951e3631ae128fb27e52707b382cc6d6f4630bf54754013df151a3d1eb2b1acf2e00a3ed1f9f82a288e92fb52840ee3caf4f354e44fff432a76163edbf73f491d73389b87dc5e9218080c2df8661e842674e91ba4cfb51c98e6f31e12d14da99b3f45cd07ea9516934e998fbdeb26728a6109e32575fa84aa5920c00506708fa511b508a0d75c07e7cb951a17d4c5ac600df9676a3e6997b82c1ee84ae75511eba46b5c99dc3460332311ac0649913993fcaed18d189e2fc33363dc4a44f03441693525a73f5fc3857a24dd685f45890d14967034472b68bc246744ebed7fae8570be050169b2c3b69791fa151ed1428cf2072c55192761dc6859a7218d9c076bbeb740f76db83d6eaf32fabe8b79169966bfc1a77b857932cf73a6393cf63ad99140922246ca3b7fe49a6944cb358ca232c871c49be094dbac3ce17a01905b2bc1dd7d3c8f893b7253d280933cba98875d1417861b4432c797bf9072b2df302f72d02f74abc4d86d2db08558a9f3eb19ee7dc5874c0d72b1538704a4dd7fd9fa4992bb2080c6b826d5f76712b9fdfaa821bf662623be1384ddb9de2769f161f4bbbdd1febf60b90d2fe01a11652cf32b898edec38dc27475a11629c7cec22e5b8739a29b8a134e1777535438772d5d25d9e9201a24d144da7a6899d112c0a52311709af0f694e3fb8bb991b5b30ca5fd92bc1863ce8e587cc7aa51bbebc21321a09ac380382c99bd2044fd56934dc0f23fbbac1a4e956e3985f2dbecf8d843b2220f74e93a1945131f1e9473211b2f382e1c39ae0e4018a75c18e3000000, 'image/webp', 'israel', '972', '333333333', 'Jeruzsálem', '11111', '1dewsddssd', 'a@a.aa', '$2y$10$BUP7iPuy/9cz3VwhOtUDneGJKmW.EEpL01q1V5IQQv9uKk6f19Vjq', '2023-10-24 15:30:48', NULL, '2023-10-24 18:02:54', 0, 1, '78bcb81d228c87e9596692e7483d2eb8');

--
-- Indexek a kiírt táblákhoz
--

--
-- A tábla indexei `courses`
--
ALTER TABLE `courses`
  ADD PRIMARY KEY (`course_id`);

--
-- A tábla indexei `courses_data`
--
ALTER TABLE `courses_data`
  ADD PRIMARY KEY (`id`);

--
-- A tábla indexei `courses_subjects`
--
ALTER TABLE `courses_subjects`
  ADD PRIMARY KEY (`id`);

--
-- A tábla indexei `students`
--
ALTER TABLE `students`
  ADD PRIMARY KEY (`id`);

--
-- A tábla indexei `subjects`
--
ALTER TABLE `subjects`
  ADD PRIMARY KEY (`subject_id`);

--
-- A tábla indexei `teacher`
--
ALTER TABLE `teacher`
  ADD PRIMARY KEY (`teacher_id`);

--
-- A tábla indexei `user`
--
ALTER TABLE `user`
  ADD PRIMARY KEY (`id`),
  ADD UNIQUE KEY `email` (`email`) USING BTREE;

--
-- A kiírt táblák AUTO_INCREMENT értéke
--

--
-- AUTO_INCREMENT a táblához `courses`
--
ALTER TABLE `courses`
  MODIFY `course_id` int(11) NOT NULL AUTO_INCREMENT, AUTO_INCREMENT=11;

--
-- AUTO_INCREMENT a táblához `courses_data`
--
ALTER TABLE `courses_data`
  MODIFY `id` int(11) NOT NULL AUTO_INCREMENT, AUTO_INCREMENT=19;

--
-- AUTO_INCREMENT a táblához `courses_subjects`
--
ALTER TABLE `courses_subjects`
  MODIFY `id` int(11) NOT NULL AUTO_INCREMENT, AUTO_INCREMENT=36;

--
-- AUTO_INCREMENT a táblához `students`
--
ALTER TABLE `students`
  MODIFY `id` int(11) NOT NULL AUTO_INCREMENT;

--
-- AUTO_INCREMENT a táblához `subjects`
--
ALTER TABLE `subjects`
  MODIFY `subject_id` int(11) NOT NULL AUTO_INCREMENT, AUTO_INCREMENT=36;

--
-- AUTO_INCREMENT a táblához `teacher`
--
ALTER TABLE `teacher`
  MODIFY `teacher_id` int(11) NOT NULL AUTO_INCREMENT, AUTO_INCREMENT=12;

--
-- AUTO_INCREMENT a táblához `user`
--
ALTER TABLE `user`
  MODIFY `id` int(10) UNSIGNED NOT NULL AUTO_INCREMENT, AUTO_INCREMENT=19;
COMMIT;

/*!40101 SET CHARACTER_SET_CLIENT=@OLD_CHARACTER_SET_CLIENT */;
/*!40101 SET CHARACTER_SET_RESULTS=@OLD_CHARACTER_SET_RESULTS */;
/*!40101 SET COLLATION_CONNECTION=@OLD_COLLATION_CONNECTION */;
